,top
0,OAI21X1_81
1,NAND3X1_5
2,NOR2X1_84
3,AOI22X1_14
4,OAI21X1_129
5,OAI22X1_32
6,NAND3X1_29
7,OAI22X1_21
8,NAND3X1_25
9,INVX1_12
10,NAND3X1_72
11,NAND3X1_75
12,NOR2X1_29
13,NOR3X1_10
14,NOR2X1_75
15,NAND2X1_61
16,NOR2X1_44
17,INVX1_30
18,INVX1_18
19,AOI22X1_16
20,OAI21X1_10
21,OAI21X1_77
22,NAND3X1_54
23,NAND3X1_13
24,AOI21X1_3
25,OUTPUT_\d[5] 
26,NAND3X1_89
27,NAND3X1_45
28,OAI21X1_117
29,OR2X2_1
30,INVX1_5
31,OAI21X1_88
32,OAI21X1_133
33,NOR2X1_59
34,NAND2X1_41
35,AOI21X1_55
36,AOI22X1_5
37,NOR3X1_27
38,OAI21X1_9
39,OAI21X1_130
40,OAI22X1_37
41,OAI21X1_114
42,NOR2X1_90
43,OAI21X1_101
44,OAI21X1_128
45,NOR2X1_35
46,NAND3X1_55
47,NAND3X1_92
48,AOI22X1_17
49,OAI21X1_5
50,OAI22X1_11
51,NAND3X1_1
52,NAND3X1_86
53,NAND2X1_8
54,AOI21X1_57
55,AOI21X1_5
56,NOR3X1_28
57,NOR2X1_23
58,NOR2X1_57
59,AOI22X1_10
60,AOI21X1_72
61,AND2X2_4
62,OAI21X1_52
63,NOR2X1_7
64,NOR2X1_71
65,INVX1_23
66,NOR3X1_15
67,NAND3X1_83
68,NOR3X1_1
69,AOI21X1_9
70,NOR2X1_41
71,AOI22X1_12
72,NOR2X1_25
73,NAND3X1_47
74,OAI22X1_17
75,OAI21X1_47
76,INVX1_29
77,NAND3X1_57
78,OAI21X1_8
79,NAND2X1_26
80,NAND2X1_50
81,AND2X2_12
82,OAI22X1_18
83,NOR2X1_4
84,INVX1_11
85,AOI21X1_36
86,AOI21X1_65
87,INPUT_\a[6] 
88,NAND2X1_9
89,NAND3X1_32
90,OAI21X1_32
91,OAI22X1_33
92,AOI21X1_63
93,NAND2X1_35
94,NAND2X1_16
95,NOR2X1_32
96,NOR2X1_64
97,AOI22X1_9
98,AOI21X1_60
99,NAND3X1_20
100,OAI22X1_19
101,NOR3X1_25
102,OAI21X1_19
103,AOI21X1_12
104,NAND2X1_30
105,AOI21X1_30
106,AOI22X1_8
107,NOR2X1_77
108,NAND3X1_3
109,NOR2X1_9
110,NAND2X1_42
111,NOR3X1_26
112,NAND3X1_64
113,INVX1_41
114,NOR2X1_1
115,OAI21X1_22
116,NOR3X1_13
117,OAI21X1_115
118,NAND2X1_68
119,INVX1_16
120,OAI21X1_16
121,NOR2X1_53
122,NAND2X1_49
123,NOR2X1_83
124,OAI21X1_83
125,OAI21X1_11
126,AOI21X1_29
127,AOI21X1_58
128,AOI21X1_31
129,OAI21X1_123
130,OAI21X1_43
131,OAI21X1_76
132,OAI21X1_138
133,OAI21X1_125
134,OAI21X1_95
135,NAND2X1_55
136,INPUT_\a[1] 
137,AOI21X1_53
138,NAND2X1_37
139,NAND3X1_2
140,NAND3X1_22
141,AND2X2_10
142,NOR2X1_33
143,NAND2X1_43
144,OAI21X1_59
145,AOI21X1_44
146,NAND3X1_68
147,OAI21X1_78
148,NAND3X1_79
149,NOR3X1_38
150,INVX1_31
151,OAI21X1_56
152,NOR3X1_23
153,OAI21X1_107
154,NOR2X1_86
155,OAI21X1_80
156,OAI22X1_1
157,NAND2X1_48
158,NAND3X1_76
159,NOR3X1_2
160,OAI21X1_63
161,OAI21X1_89
162,NAND3X1_73
163,NOR3X1_12
164,NAND3X1_58
165,NOR2X1_20
166,NOR2X1_82
167,NOR3X1_5
168,OAI21X1_50
169,OUTPUT_\d[2] 
170,OAI21X1_29
171,AOI22X1_3
172,NAND3X1_40
173,NOR3X1_6
174,OAI21X1_73
175,NOR2X1_67
176,OAI21X1_116
177,AOI21X1_26
178,NOR3X1_32
179,OAI21X1_3
180,OAI21X1_46
181,AOI21X1_13
182,NOR2X1_47
183,OAI21X1_134
184,NAND2X1_57
185,INVX1_10
186,NAND3X1_6
187,OAI22X1_15
188,AOI21X1_62
189,AOI22X1_11
190,NOR2X1_15
191,AND2X2_2
192,OAI21X1_58
193,NAND3X1_61
194,OAI21X1_127
195,OAI21X1_15
196,NOR2X1_11
197,INPUT_\a[3] 
198,INVX1_24
199,NAND3X1_62
200,NOR2X1_34
201,INVX1_35
202,OUTPUT_\d[6] 
203,AOI22X1_13
204,NAND2X1_67
205,NAND3X1_8
206,OAI21X1_27
207,AOI21X1_7
208,INVX1_2
209,NAND3X1_37
210,NAND2X1_21
211,AOI21X1_66
212,OAI21X1_102
213,NAND2X1_32
214,NOR2X1_43
215,OAI21X1_17
216,OAI22X1_31
217,OAI21X1_92
218,NAND3X1_91
219,OAI21X1_65
220,AOI21X1_28
221,NOR2X1_48
222,NAND2X1_56
223,NOR3X1_21
224,NAND3X1_63
225,INVX1_8
226,NAND2X1_65
227,OAI21X1_41
228,OAI21X1_62
229,OAI22X1_30
230,NAND2X1_25
231,NAND2X1_66
232,NOR3X1_18
233,AND2X2_13
234,AOI21X1_21
235,AOI21X1_4
236,AOI21X1_50
237,NOR3X1_40
238,NAND3X1_33
239,AND2X2_8
240,AOI21X1_41
241,AOI21X1_49
242,AOI21X1_73
243,NOR2X1_51
244,OAI21X1_93
245,OAI22X1_6
246,OAI21X1_136
247,OAI22X1_9
248,OAI22X1_36
249,NAND3X1_34
250,NAND3X1_49
251,NAND3X1_14
252,NAND2X1_11
253,OAI21X1_96
254,OAI21X1_26
255,OAI21X1_131
256,NAND2X1_52
257,OAI22X1_23
258,OAI21X1_108
259,NAND3X1_46
260,NOR2X1_42
261,NAND2X1_31
262,NOR3X1_3
263,NOR2X1_12
264,INVX1_39
265,OAI21X1_44
266,INVX1_4
267,NOR2X1_74
268,NAND2X1_29
269,NAND3X1_24
270,OAI21X1_66
271,NAND2X1_18
272,OUTPUT_\d[3] 
273,NOR3X1_30
274,OAI21X1_106
275,NOR3X1_36
276,NAND2X1_63
277,NOR2X1_6
278,OAI21X1_30
279,NOR2X1_38
280,INVX1_7
281,NAND3X1_51
282,NAND2X1_17
283,OAI21X1_67
284,OAI21X1_49
285,NAND2X1_4
286,NOR2X1_28
287,OAI22X1_34
288,NOR2X1_21
289,OAI22X1_26
290,OAI21X1_45
291,NAND3X1_85
292,NOR3X1_19
293,AOI21X1_52
294,OAI22X1_25
295,NOR2X1_68
296,OAI21X1_119
297,AOI21X1_1
298,AOI22X1_1
299,NAND3X1_11
300,OAI21X1_53
301,INVX1_33
302,NOR2X1_80
303,INPUT_\a[2] 
304,NAND3X1_44
305,OAI21X1_126
306,NAND3X1_43
307,AOI21X1_40
308,OAI22X1_4
309,OAI21X1_18
310,NOR2X1_26
311,NAND2X1_46
312,NAND3X1_36
313,AOI22X1_4
314,NOR2X1_55
315,NOR2X1_24
316,AND2X2_3
317,NAND3X1_66
318,NAND3X1_78
319,NAND2X1_36
320,AOI21X1_2
321,OAI21X1_71
322,INVX1_37
323,NOR2X1_76
324,NAND3X1_74
325,NOR2X1_88
326,AOI21X1_34
327,AOI21X1_47
328,NOR3X1_8
329,NAND2X1_27
330,NAND3X1_87
331,OAI22X1_20
332,OAI21X1_124
333,NAND2X1_22
334,OAI21X1_132
335,OAI21X1_90
336,NAND2X1_39
337,NAND2X1_19
338,NOR2X1_60
339,OAI21X1_100
340,OAI21X1_55
341,OAI21X1_70
342,OAI21X1_35
343,NOR2X1_30
344,NOR2X1_79
345,OAI21X1_57
346,AOI21X1_70
347,NOR2X1_45
348,OAI21X1_38
349,OAI21X1_120
350,NOR2X1_22
351,OAI21X1_85
352,NAND3X1_70
353,AOI21X1_64
354,NOR3X1_7
355,NAND3X1_39
356,INVX1_6
357,NAND2X1_40
358,NAND2X1_69
359,OAI21X1_112
360,OAI21X1_54
361,NOR2X1_10
362,INVX1_28
363,NAND3X1_41
364,NAND3X1_48
365,OAI21X1_13
366,NOR3X1_31
367,AOI21X1_10
368,NOR3X1_20
369,NOR2X1_14
370,NAND3X1_84
371,NAND3X1_9
372,INVX1_26
373,AOI21X1_23
374,INVX1_27
375,AOI21X1_54
376,NOR2X1_91
377,OUTPUT_\d[4] 
378,AOI21X1_24
379,INVX1_15
380,OAI22X1_35
381,NAND2X1_12
382,OAI21X1_39
383,NAND3X1_56
384,NAND2X1_13
385,AND2X2_11
386,INPUT_\a[5] 
387,NAND2X1_14
388,NAND3X1_15
389,AOI21X1_15
390,OAI21X1_6
391,INVX1_43
392,OAI21X1_68
393,AND2X2_5
394,OAI21X1_7
395,NAND3X1_19
396,NAND2X1_1
397,NAND3X1_53
398,AOI21X1_39
399,NAND3X1_42
400,OAI21X1_25
401,AOI21X1_74
402,NOR3X1_14
403,NAND3X1_10
404,NOR3X1_24
405,NOR2X1_46
406,OAI21X1_104
407,OAI21X1_139
408,OAI21X1_98
409,NOR2X1_18
410,INVX1_17
411,NOR2X1_78
412,OAI21X1_122
413,NAND2X1_24
414,AOI21X1_56
415,NOR3X1_9
416,AOI21X1_48
417,AOI21X1_22
418,INVX1_42
419,INVX1_19
420,NAND2X1_47
421,AOI21X1_8
422,AOI21X1_6
423,INVX1_25
424,NOR2X1_17
425,NOR2X1_40
426,NAND3X1_35
427,NOR2X1_49
428,OAI21X1_135
429,AOI22X1_15
430,NAND2X1_5
431,AOI21X1_17
432,AOI21X1_19
433,OAI22X1_5
434,OAI22X1_8
435,OAI22X1_13
436,OAI21X1_75
437,NOR2X1_65
438,NOR2X1_39
439,AOI21X1_14
440,NAND3X1_67
441,OAI21X1_103
442,NAND3X1_82
443,NOR2X1_2
444,NOR2X1_61
445,OAI21X1_109
446,AOI21X1_76
447,OAI21X1_82
448,OAI21X1_12
449,OAI22X1_24
450,OAI21X1_24
451,AOI21X1_42
452,AOI21X1_37
453,NAND3X1_59
454,AOI21X1_46
455,AOI21X1_33
456,AOI22X1_6
457,INVX1_22
458,AOI21X1_25
459,NAND2X1_60
460,OAI21X1_94
461,NAND3X1_71
462,NOR3X1_34
463,NOR2X1_87
464,OAI21X1_4
465,OAI21X1_21
466,NOR3X1_17
467,AOI21X1_45
468,OAI22X1_2
469,OAI21X1_113
470,OAI22X1_7
471,NAND2X1_51
472,NOR3X1_37
473,OAI21X1_20
474,OAI21X1_121
475,NAND3X1_38
476,INVX1_9
477,OAI21X1_36
478,OAI22X1_16
479,NAND3X1_96
480,OAI22X1_22
481,OAI21X1_14
482,OAI21X1_97
483,OAI22X1_27
484,AOI22X1_18
485,NAND3X1_88
486,INPUT_\a[7] 
487,AND2X2_6
488,AOI21X1_18
489,NOR2X1_16
490,NOR2X1_62
491,NAND3X1_4
492,NAND3X1_94
493,NAND2X1_62
494,INVX1_13
495,NAND3X1_69
496,NOR3X1_16
497,NAND3X1_17
498,OAI22X1_10
499,AOI21X1_35
500,NAND2X1_64
501,NAND2X1_20
502,NOR2X1_50
503,NOR2X1_27
504,NOR2X1_13
505,NAND3X1_52
506,OAI21X1_60
507,OAI21X1_33
508,NAND2X1_2
509,NAND2X1_70
510,OAI22X1_14
511,AOI21X1_32
512,INPUT_\a[4] 
513,AOI21X1_59
514,NOR2X1_36
515,NAND3X1_77
516,NAND2X1_23
517,AND2X2_7
518,NAND2X1_34
519,INVX1_36
520,INVX1_32
521,AND2X2_9
522,NAND3X1_50
523,OAI22X1_29
524,AOI21X1_77
525,INVX1_1
526,NAND3X1_30
527,AOI21X1_51
528,NAND2X1_59
529,NAND3X1_28
530,OAI21X1_87
531,OAI21X1_86
532,NAND3X1_16
533,NAND3X1_18
534,NAND2X1_15
535,OAI21X1_105
536,OAI21X1_79
537,NAND2X1_38
538,NOR3X1_33
539,NOR2X1_8
540,NAND2X1_28
541,NOR2X1_52
542,INVX1_44
543,OAI21X1_37
544,OAI21X1_48
545,NAND2X1_58
546,OAI22X1_28
547,OAI21X1_42
548,AOI21X1_43
549,NOR2X1_81
550,OAI21X1_40
551,INVX1_14
552,AOI21X1_67
553,NAND2X1_45
554,NOR2X1_89
555,OAI21X1_34
556,NAND2X1_53
557,NOR2X1_3
558,INVX1_38
559,OAI21X1_84
560,NAND3X1_7
561,NAND3X1_80
562,OAI21X1_69
563,NAND3X1_12
564,NOR2X1_69
565,AOI21X1_75
566,NOR2X1_58
567,NOR2X1_19
568,OAI22X1_3
569,NAND2X1_10
570,NAND3X1_27
571,NAND2X1_44
572,NAND2X1_54
573,NOR2X1_85
574,OAI22X1_38
575,OAI21X1_51
576,NOR2X1_31
577,INVX1_20
578,NOR2X1_5
579,NAND3X1_95
580,AOI21X1_16
581,OAI21X1_61
582,OAI21X1_110
583,NOR3X1_39
584,NAND3X1_23
585,OAI21X1_111
586,OAI22X1_12
587,AOI22X1_19
588,NOR3X1_29
589,NAND3X1_31
590,AND2X2_1
591,NOR2X1_37
592,INVX1_40
593,OAI21X1_137
594,NOR3X1_22
595,NOR2X1_54
596,AOI22X1_20
597,OUTPUT_\d[7] 
598,AOI21X1_20
599,OAI21X1_118
600,OAI21X1_23
601,AOI21X1_27
602,OUTPUT_\d[0] 
603,OAI21X1_31
604,INVX1_21
605,NAND2X1_3
606,NAND2X1_33
607,OAI21X1_1
608,OAI21X1_99
609,NAND3X1_65
610,NAND3X1_90
611,AOI21X1_71
612,OAI21X1_74
613,OAI21X1_2
614,OAI21X1_28
615,NAND3X1_21
616,OAI21X1_91
617,NAND2X1_6
618,AOI21X1_61
619,NOR3X1_4
620,AOI21X1_68
621,NOR3X1_35
622,INVX1_3
623,AOI21X1_11
624,INVX1_34
625,NAND3X1_60
626,NOR2X1_63
627,NAND3X1_26
628,AOI22X1_2
629,AOI22X1_7
630,NOR2X1_72
631,INVX1_45
632,OAI21X1_64
633,AOI21X1_69
634,NAND3X1_81
635,NOR2X1_73
636,NOR3X1_11
637,NAND3X1_93
638,NOR2X1_56
639,OAI21X1_72
640,NOR2X1_70
641,INPUT_\a[0] 
642,AOI21X1_38
643,OUTPUT_\d[1] 
644,NAND2X1_7
645,NOR2X1_66
