file,#nodes,#edges,#inputs,#outputs,#XOR,#AND,#OR,avg_degree,is_connected
automated_nangate_cookbook_final_gf_mult_by_d1.gml,51,68,8,8,19,0,25,2.67,True
automated_nangate_pairing_latest_final_func2.gml,586,390,194,196,0,0,0,1.33,False
automated_nangate_csa_latest_final_led_cnt.gml,57,105,3,8,0,1,1,3.68,True
automated_nangate_RSA-Verilog-master_final_memtest.gml,149,225,18,25,0,9,8,3.02,True
automated_nangate_fpu_latest_final_except.gml,162,221,63,12,0,17,23,2.73,True
automated_nangate_iscas_final_NR2.gml,5,4,2,1,0,0,1,1.6,True
automated_nangate_mriscvcore_final_ALU_xor.gml,269,363,66,32,32,32,96,2.7,True
automated_nangate_cookbook_final_two_to_o.gml,385,696,70,35,0,35,1,3.62,True
automated_nangate_rs_encoder_decoder_latest_final_GF8Mult221.gml,35,38,8,8,11,0,11,2.17,True
automated_nangate_openmsp430_latest_final_io_mux.gml,152,152,48,32,0,8,8,2.0,False
automated_nangate_turbo8051_latest_final_g_mii_intf.gml,533,1205,32,28,2,79,72,4.52,False
automated_nangate_rs_encoder_decoder_latest_final_GF8Mult209.gml,44,54,8,8,11,0,18,2.45,True
automated_nangate_iscas_final_AN3.gml,6,5,3,1,0,1,0,1.67,True
automated_nangate_edge_latest_final_register.gml,245,370,35,32,0,0,32,3.02,True
automated_nangate_altor32_latest_final_cpu.gml,9360,23664,38,113,126,1007,1267,5.06,False
automated_nangate_mem_ctrl_latest_final_mc_cs_rf.gml,511,850,63,68,0,4,36,3.33,True
automated_nangate_rs_encoder_decoder_latest_final_GF8Reg.gml,44,65,11,8,0,0,0,2.95,True
automated_nangate_cookbook_final_fec_rot_22.gml,186,235,32,32,58,0,81,2.53,True
automated_nangate_aes_core_latest_final_aes_rco.gml,107,139,2,32,0,9,9,2.6,False
automated_nangate_cookbook_final_crc32_dat24_flat.gml,628,1069,56,32,373,0,497,3.4,True
automated_nangate_mriscvcore_final_ALU_beq.gml,111,110,64,1,24,4,41,1.98,True
automated_nangate_rs_encoder_decoder_latest_final_GF8Mult24.gml,33,34,8,8,9,0,9,2.06,True
automated_nangate_rs_encoder_decoder_latest_final_GF8Mult18.gml,42,52,8,8,14,0,18,2.48,True
automated_nangate_ft816float_latest_final_delay2.gml,9,12,3,1,0,0,0,2.67,True
automated_nangate_ft816float_latest_final_delay3.gml,11,17,3,1,0,0,0,3.09,True
automated_nangate_rs_encoder_decoder_latest_final_GF8Mult31.gml,39,45,8,8,11,0,14,2.31,True
automated_nangate_rs_encoder_decoder_latest_final_GF8Mult156.gml,44,55,8,8,16,0,19,2.5,True
automated_nangate_double_fpu_latest_final_fpu_addsu.gml,16460,37234,134,65,102,1731,1697,4.52,True
automated_nangate_csa_latest_final_ts_sy.gml,722,1454,11,73,2,57,49,4.03,True
automated_nangate_reed_solomon_codec_generator_latest_final_RsDecodeSyndrom.gml,1751,3573,12,177,179,91,365,4.08,True
automated_nangate_openmsp430_latest_final_altera_avalon_sc_fifo.gml,833,1800,15,49,15,20,129,4.32,False
automated_nangate_pairing_latest_final_f33m_mult.gml,38234,87923,1166,583,0,7042,6434,4.6,True
automated_nangate_fast_log_latest_final_Log2flowthru.gml,270,712,21,8,0,32,65,5.27,True
automated_nangate_signed_integer_divider_latest_final_divider_dshift.gml,3643,8636,67,65,107,671,451,4.74,True
automated_nangate_gcm-aes_latest_final_gcm_aes_v0.gml,26158,62669,267,136,2887,6616,8219,4.79,True
automated_nangate_two_dimensional_fast_hartley_transform_latest_final_mtx_trps_8x8_dpsram.gml,72,135,3,9,9,8,20,3.75,False
automated_nangate_csa_latest_final_stream_byt.gml,1793,3541,116,115,160,280,516,3.95,True
automated_nangate_tiny_tate_bilinear_pairing_latest_final_v2.gml,428,258,40,194,0,0,0,1.21,False
automated_nangate_iscas_final_AN2.gml,5,4,2,1,0,1,0,1.6,True
automated_nangate_rs_encoder_decoder_latest_final_GF8Mult208.gml,42,51,8,8,15,0,17,2.43,True
automated_nangate_rs_encoder_decoder_latest_final_GF8Mult220.gml,35,38,8,8,9,0,11,2.17,True
automated_nangate_cookbook_final_ecc_correction_8bit.gml,70,133,5,9,0,9,21,3.8,True
automated_nangate_xge_mac_latest_final_rx_stats_fifo.gml,1031,2467,19,15,28,20,68,4.79,True
automated_nangate_double_fpu_latest_final_fpu_di.gml,8012,18209,131,69,77,1085,1354,4.55,False
automated_nangate_cookbook_final_ternary_sum_ni.gml,491,858,73,12,83,97,173,3.49,True
automated_nangate_mips_16_latest_final_instruction_mem.gml,84,153,8,16,0,20,20,3.64,False
automated_nangate_openmsp430_latest_final_ram.gml,7659,19172,27,16,0,258,148,5.01,True
automated_nangate_cookbook_final_gf_mult_by_df.gml,47,62,8,8,15,0,23,2.64,True
automated_nangate_mesi_isc_final_mesi_isc_broad.gml,1131,2655,43,45,3,147,50,4.69,True
automated_nangate_cookbook_final_gf_mult_by_33.gml,42,52,8,8,16,0,18,2.48,True
automated_nangate_iscas_final_c7552.gml,1405,2488,207,108,196,167,451,3.54,False
automated_nangate_cookbook_final_buf_3to2.gml,607,1355,28,18,1,85,54,4.46,True
automated_nangate_cookbook_final_gf_mult_by_19.gml,38,44,8,8,11,0,14,2.32,True
automated_nangate_cookbook_final_gf_mult_by_d2.gml,43,54,8,8,13,0,19,2.51,True
automated_nangate_double_fpu_latest_final_fpu_mul.gml,29060,64339,133,65,2757,5841,8616,4.43,True
automated_nangate_sha3_latest_final_f_permutatio.gml,20783,38652,579,1602,6369,1415,9988,3.72,True
automated_nangate_pairing_latest_final_func1.gml,2867,5217,394,196,0,490,490,3.64,True
automated_nangate_signed_integer_divider_latest_final_operator_C.gml,7,6,3,1,0,1,1,1.71,True
automated_nangate_reed_solomon_codec_generator_latest_final_RsDecodeDpRam.gml,12454,30655,30,9,0,226,978,4.92,True
automated_nangate_gost28147-89_latest_final_gost89_cf.gml,3696,6847,836,65,140,313,423,3.71,True
automated_nangate_cookbook_final_ascii_to_bi.gml,74,143,8,6,11,8,19,3.86,True
automated_nangate_openmsp430_latest_final_ogfx_gpu_reg.gml,1534,3581,24,109,54,159,277,4.67,True
automated_nangate_cookbook_final_cntr.gml,174,340,21,16,1,21,11,3.91,True
automated_nangate_rs_encoder_decoder_latest_final_GF8Mult222.gml,36,40,8,8,12,0,12,2.22,True
automated_nangate_ecg_latest_final_f3m_neg.gml,582,388,194,194,0,0,0,1.33,False
automated_nangate_cookbook_final_gearbox_66_32.gml,1035,2301,70,34,2,147,57,4.45,True
automated_nangate_tiny_tate_bilinear_pairing_latest_final_v0.gml,518,388,130,194,0,0,0,1.5,False
automated_nangate_present_encryptor_latest_final_substitutio.gml,496,944,64,64,32,32,48,3.81,False
automated_nangate_rs_5_3_gf256_latest_final_MULT_BY_ALPHA51.gml,36,40,8,8,12,0,12,2.22,True
automated_nangate_altor32_latest_final_soc_pif8.gml,1644,2019,304,369,0,40,49,2.46,False
automated_nangate_ft816float_latest_final_cntlz16.gml,64,104,16,5,0,5,15,3.25,True
automated_nangate_rsencoder_latest_final_GFADD.gml,40,32,16,8,8,0,8,1.6,False
automated_nangate_cavlc_latest_final_cavlc_fsm.gml,243,519,27,14,7,38,63,4.27,True
automated_nangate_a-z80_latest_final_decode_stat.gml,48,62,15,8,0,1,4,2.58,False
automated_nangate_rs_encoder_decoder_latest_final_GF8Mult33.gml,38,43,8,8,10,0,13,2.26,True
automated_nangate_rs_encoder_decoder_latest_final_GF8Mult140.gml,39,45,8,8,11,0,14,2.31,True
automated_nangate_rs_encoder_decoder_latest_final_GF8Mult27.gml,38,44,8,8,14,0,14,2.32,True
automated_nangate_rs_encoder_decoder_latest_final_GF8Mult154.gml,42,51,8,8,12,0,17,2.43,True
automated_nangate_minirisc_latest_final_cmp8_eq.gml,31,30,16,1,0,4,9,1.94,True
automated_nangate_edge_latest_final_div_unit.gml,6726,16506,64,64,775,937,2284,4.91,True
automated_nangate_rs_encoder_decoder_latest_final_GF8Mult169.gml,46,60,8,8,16,0,22,2.61,True
automated_nangate_cookbook_final_gearbox_32_66.gml,1036,2351,36,74,11,107,97,4.54,True
automated_nangate_rs_encoder_decoder_latest_final_GF8Mult155.gml,46,58,8,8,8,0,20,2.52,True
automated_nangate_rs_encoder_decoder_latest_final_GF8Mult26.gml,35,38,8,8,11,0,11,2.17,True
automated_nangate_rs_encoder_decoder_latest_final_GF8Mult141.gml,38,44,8,8,11,0,14,2.32,True
automated_nangate_rs_encoder_decoder_latest_final_GF8Mult32.gml,38,44,8,8,10,0,14,2.32,True
automated_nangate_ft816float_latest_final_fpDecompos.gml,205,221,32,64,0,10,10,2.16,False
automated_nangate_m1_core_latest_final_m1_alu.gml,1392,3231,70,33,21,240,319,4.64,True
automated_nangate_rs_encoder_decoder_latest_final_GF8Mult196.gml,39,46,8,8,13,0,15,2.36,True
automated_nangate_cookbook_final_inv_evolve_key_128.gml,2832,6848,136,128,136,816,884,4.84,True
automated_nangate_csa_latest_final_ledseg_cnt.gml,152,297,17,12,12,47,29,3.91,False
automated_nangate_cookbook_final_initial_permut.gml,192,128,64,64,0,0,0,1.33,False
automated_nangate_mem_ctrl_latest_final_mc_wb_if.gml,278,372,76,39,0,7,12,2.68,True
automated_nangate_rs_encoder_decoder_latest_final_GF8Mult223.gml,36,40,8,8,9,0,12,2.22,True
automated_nangate_cookbook_final_gearbox_33_32.gml,730,1644,37,34,0,120,56,4.5,True
automated_nangate_Lightweight-Threshold-Implementations-master_final_p_keysch11.gml,887,1911,5,64,84,109,150,4.31,True
automated_nangate_sha256-master_final_sha256.gml,13018,32544,44,33,873,1884,2589,5.0,False
automated_nangate_fpu_latest_final_add_sub27.gml,479,897,55,28,35,83,136,3.75,True
automated_nangate_tiny_tate_bilinear_pairing_latest_final_select.gml,35,34,14,7,0,1,0,1.94,True
automated_nangate_jt51_latest_final_ramp_a_to.gml,139,292,2,16,13,17,42,4.2,True
automated_nangate_turbo8051_latest_final_wb_crossbar.gml,2205,4551,290,272,0,52,88,4.13,True
automated_nangate_cookbook_final_enc_64_67.gml,1565,3567,69,67,117,235,435,4.56,True
automated_nangate_double_fpu_latest_final_fpu_round.gml,1162,2196,73,76,0,82,146,3.78,True
automated_nangate_cookbook_final_gf_mult_by_e7.gml,48,64,8,8,20,0,24,2.67,True
automated_nangate_reed_solomon_codec_generator_latest_final_RsDecodePolymul.gml,6460,12894,364,177,1451,1676,1922,3.99,True
automated_nangate_rs_encoder_decoder_latest_final_GF8GenMultModB.gml,38,46,8,7,9,0,16,2.42,True
automated_nangate_cookbook_final_gf_mult_by_30.gml,39,46,8,8,13,0,15,2.36,True
automated_nangate_cookbook_final_gf_mult_by_24.gml,42,51,8,8,11,0,17,2.43,True
automated_nangate_iscas_final_s1488.gml,788,1519,9,19,0,350,200,3.86,True
automated_nangate_crcahb_latest_final_crc_com.gml,78,77,24,8,7,0,23,1.97,True
automated_nangate_Lightweight-Threshold-Implementations-master_final_lut_datapat.gml,17,16,8,1,2,2,4,1.88,True
automated_nangate_cookbook_final_gf_mult_by_2f.gml,42,52,8,8,15,0,18,2.48,True
automated_nangate_two_dimensional_fast_hartley_transform_latest_final_fht_1d_x8.gml,2215,5068,11,12,349,190,501,4.58,True
automated_nangate_cookbook_final_crc32_dat32_flat.gml,922,1633,64,32,585,0,775,3.54,True
automated_nangate_cookbook_final_gf_mult_by_08.gml,35,35,8,8,8,0,8,2.0,False
automated_nangate_cookbook_final_gf_mult_by_da.gml,38,44,8,8,9,0,14,2.32,True
automated_nangate_cookbook_final_test_patter.gml,100,188,3,16,13,8,25,3.76,True
automated_nangate_cookbook_final_gf_mult_by_20.gml,38,43,8,8,8,0,13,2.26,True
automated_nangate_cookbook_final_gf_mult_by_34.gml,42,52,8,8,18,0,18,2.48,True
automated_nangate_cookbook_final_error_mag_poly_round.gml,1970,3753,144,8,804,432,1171,3.81,True
automated_nangate_fpga-median_latest_final_media.gml,3306,7527,98,72,302,362,1068,4.55,True
automated_nangate_iscas_final_NR4.gml,7,6,4,1,0,0,1,1.71,True
automated_nangate_tiny_tate_bilinear_pairing_latest_final_f3m_add.gml,1940,3201,388,194,0,97,388,3.3,False
automated_nangate_turbo8051_latest_final_oc8051_sp.gml,193,372,26,16,8,30,30,3.85,True
automated_nangate_turbo8051_latest_final_oc8051_b_register.gml,115,233,21,8,0,12,19,4.05,True
automated_nangate_ecg_latest_final_f3m_mux3.gml,1595,1980,585,194,0,0,0,2.48,True
automated_nangate_aes-128_pipelined_encryption_latest_final_SubBytes.gml,9768,25543,131,129,0,2736,3712,5.23,True
automated_nangate_fpu_latest_final_delay3.gml,13,16,3,2,0,0,0,2.46,True
automated_nangate_mriscvcore_final_IRQ.gml,2616,5176,176,161,79,373,508,3.96,True
automated_nangate_iscas_final_BU.gml,3,2,1,1,0,0,0,1.33,True
automated_nangate_mriscv_final_bus_sync_sf.gml,395,652,35,32,0,66,32,3.3,True
automated_nangate_turbo8051_latest_final_oc8051_psw.gml,118,208,25,10,0,11,13,3.53,False
automated_nangate_aes-master_final_aes_cor.gml,18922,48219,390,130,1517,2500,5126,5.1,True
automated_nangate_m1_core_latest_final_fontmap_rom.gml,1904,5051,13,8,0,747,350,5.31,True
automated_nangate_cookbook_final_fec_rot_24.gml,201,267,32,32,70,0,98,2.66,True
automated_nangate_reed_solomon_decoder_latest_final_GF_mult_add_syndromes.gml,1767,4476,22,9,86,410,313,5.07,True
automated_nangate_cookbook_final_syndrome_round.gml,885,1334,137,128,302,0,338,3.01,True
automated_nangate_mriscvcore_final_MEMORY_INTERFACE.gml,1307,2135,173,179,43,100,180,3.27,False
automated_nangate_rs_encoder_decoder_latest_final_GF8Mult186.gml,42,52,8,8,18,0,18,2.48,True
automated_nangate_rs_encoder_decoder_latest_final_GF8Mult192.gml,38,44,8,8,9,0,14,2.32,True
automated_nangate_openmsp430_latest_final_omsp_dbg_i2.gml,401,865,32,25,2,45,54,4.31,True
automated_nangate_des_latest_final_crp.gml,959,2549,80,32,49,256,267,5.32,True
automated_nangate_ft816float_latest_final_delay4.gml,13,22,3,1,0,0,0,3.38,True
automated_nangate_cookbook_final_reset_control.gml,44,77,7,4,0,1,0,3.5,True
automated_nangate_rs_encoder_decoder_latest_final_GF8Mult145.gml,40,48,8,8,16,0,16,2.4,True
automated_nangate_rs_encoder_decoder_latest_final_GF8Mult151.gml,42,52,8,8,16,0,18,2.48,True
automated_nangate_rs_encoder_decoder_latest_final_GF8Mult23.gml,34,36,8,8,10,0,10,2.12,True
automated_nangate_rs_encoder_decoder_latest_final_GF8Mult37.gml,43,54,8,8,9,0,19,2.51,True
automated_nangate_mips_16_latest_final_data_mem.gml,14026,35644,26,16,0,31,802,5.08,True
automated_nangate_iscas_final_s444.gml,226,414,4,6,0,71,48,3.66,True
automated_nangate_rs_encoder_decoder_latest_final_GF8Mult193.gml,39,45,8,8,11,0,14,2.31,True
automated_nangate_rs_decoder_31_19_6_latest_final_mux2_to_1.gml,26,25,11,5,0,0,0,1.92,True
automated_nangate_rs_5_3_gf256_latest_final_inv_gf256.gml,794,2043,8,8,0,123,358,5.15,True
automated_nangate_AES-T200_final_final_round.gml,10033,25792,257,128,128,3056,2976,5.14,True
automated_nangate_cookbook_final_fec_rot_31.gml,255,379,32,32,124,0,156,2.97,True
automated_nangate_iscas_final_FD1.gml,5,4,2,1,0,0,0,1.6,True
automated_nangate_apbtoaes128_latest_final_control_unit.gml,253,505,8,34,1,29,44,3.99,True
automated_nangate_jt51_latest_final_jt51_reg.gml,6023,14838,28,74,14,715,88,4.93,True
automated_nangate_orsoc_graphics_accelerator_final_div_uu.gml,2516,5618,26,18,123,365,607,4.47,True
automated_nangate_cr_div_latest_final_cr_di.gml,24486,58887,73,65,1832,3687,4645,4.81,True
automated_nangate_tiny_aes_latest_final_S.gml,603,1579,9,8,0,191,178,5.24,True
automated_nangate_mriscvcore_final_ALU_and.gml,204,234,66,32,0,64,0,2.29,True
automated_nangate_rs_encoder_decoder_latest_final_GF8Dft_Idft.gml,13413,31955,12,8,5208,0,6314,4.76,True
automated_nangate_Lightweight-Threshold-Implementations-master_final_bitSpeck128_128_unpro.gml,86,195,2,3,3,16,19,4.53,False
automated_nangate_xge_mac_latest_final_rx_enqueu.gml,3712,7760,148,171,951,278,1475,4.18,False
automated_nangate_pairing_latest_final_func5.gml,598,419,194,196,0,1,4,1.4,False
automated_nangate_minirisc_latest_final_sfifo4x11.gml,174,358,14,11,0,0,0,4.11,True
automated_nangate_altor32_latest_final_altor32_noica.gml,419,634,69,70,1,18,9,3.03,False
automated_nangate_tiny_aes_latest_final_expand_key_type_A_192.gml,3855,8210,201,320,232,764,944,4.26,True
automated_nangate_cookbook_final_gf_invers.gml,794,2043,8,8,0,123,358,5.15,True
automated_nangate_cookbook_final_gf_mult_by_ed.gml,44,56,8,8,18,0,20,2.55,True
automated_nangate_cavlc_latest_final_cavlc_read_total_coeffs.gml,804,1974,27,19,6,125,136,4.91,True
automated_nangate_cookbook_final_gf_mult_by_21.gml,37,41,8,8,10,0,12,2.22,True
automated_nangate_cookbook_final_gf_mult_by_d6.gml,46,60,8,8,16,0,22,2.61,True
automated_nangate_cookbook_final_crc32c_zer64_flat.gml,424,713,32,32,245,0,321,3.36,True
automated_nangate_cookbook_final_gf_mult_by_e0.gml,40,48,8,8,12,0,16,2.4,True
automated_nangate_systemcaes_latest_final_word_mixcolum.gml,460,728,32,64,216,0,300,3.17,True
automated_nangate_cookbook_final_k_tabl.gml,1124,2802,7,64,0,355,402,4.99,True
automated_nangate_cookbook_final_gf_mult_by_3a.gml,41,50,8,8,14,0,17,2.44,True
automated_nangate_RSA-CRYPTOSYSTEM-using-verilog-master_final_divider.gml,459,960,26,25,26,73,107,4.18,True
automated_nangate_cookbook_final_gf_mult_by_d4.gml,44,56,8,8,15,0,20,2.55,True
automated_nangate_cookbook_final_gf_mult_by_37.gml,43,54,8,8,14,0,19,2.51,True
automated_nangate_iscas_final_s526.gml,235,503,4,6,0,77,63,4.28,True
automated_nangate_mriscvcore_final_divM.gml,381,852,35,1,60,69,134,4.47,True
automated_nangate_tiny_tate_bilinear_pairing_latest_final_pairing.gml,94124,237129,13,2,7,6490,3667,5.04,True
automated_nangate_iscas_final_s13207.gml,8990,12694,62,152,0,1902,598,2.82,False
automated_nangate_m1_core_latest_final_video_ram.gml,82656,211503,32,16,0,2062,3156,5.12,True
automated_nangate_turbo8051_latest_final_double_sync_low.gml,8,11,3,1,0,0,0,2.75,True
automated_nangate_m1_core_latest_final_ps2_translation_tabl.gml,435,1071,24,18,0,54,74,4.92,True
automated_nangate_md5_core-master_final_md5_ctl.gml,7699,18152,35,130,277,1090,1406,4.72,True
automated_nangate_fast_antilog_latest_final_AntiLog2.gml,618,1511,11,24,1,116,171,4.89,True
automated_nangate_rs_encoder_decoder_latest_final_GF8Mult218.gml,35,38,8,8,11,0,11,2.17,True
automated_nangate_systemcaes_latest_final_aes.gml,7674,18157,260,129,636,560,1214,4.73,True
automated_nangate_rs_encoder_decoder_latest_final_GF8Mult230.gml,42,51,8,8,11,0,17,2.43,True
automated_nangate_a-z80_latest_final_ir.gml,45,66,12,8,0,1,0,2.93,True
automated_nangate_aes_core_latest_final_aes_key_expand_128.gml,3492,8219,130,128,252,858,1171,4.71,True
automated_nangate_xge_mac_latest_final_generic_fifo.gml,1078,2433,38,36,20,12,46,4.51,True
automated_nangate_edge_latest_final_shifter_left.gml,303,574,37,32,0,25,15,3.79,True
automated_nangate_jt51_latest_final_jt51.gml,20129,47357,13,109,470,2860,2735,4.71,False
automated_nangate_openmsp430_latest_final_omsp_uart.gml,747,1798,37,19,15,87,119,4.81,True
automated_nangate_aes-master_final_aes_sbox.gml,2379,6285,32,32,0,773,732,5.28,False
automated_nangate_tiny_aes_latest_final_one_round.gml,20268,52923,257,128,640,6384,6272,5.22,True
automated_nangate_rs_encoder_decoder_latest_final_GF8Mult185.gml,43,54,8,8,15,0,19,2.51,True
automated_nangate_rs_encoder_decoder_latest_final_GF8Mult152.gml,43,54,8,8,11,0,19,2.51,True
automated_nangate_rs_encoder_decoder_latest_final_GF8Mult21.gml,39,46,8,8,11,0,15,2.36,True
automated_nangate_Lightweight-Threshold-Implementations-master_final_quick_mux_128.gml,652,651,257,128,0,0,0,2.0,True
automated_nangate_mesi_isc_final_mesi_isc_breq_fifos_cntl.gml,764,1113,187,100,4,88,37,2.91,False
automated_nangate_cookbook_final_ecc_correction_32bit.gml,264,561,7,33,0,40,77,4.25,True
automated_nangate_rs_encoder_decoder_latest_final_GF8Mult146.gml,39,46,8,8,9,0,15,2.36,True
automated_nangate_cavlc_latest_final_cavlc_len_g.gml,57,69,25,5,0,1,6,2.42,True
automated_nangate_rs_encoder_decoder_latest_final_GF8Mult34.gml,35,38,8,8,11,0,11,2.17,True
automated_nangate_rs_encoder_decoder_latest_final_GF8Mult147.gml,39,46,8,8,12,0,15,2.36,True
automated_nangate_aes_highthroughput_lowarea_latest_final_inv_mix_columns.gml,3504,5232,128,128,1856,0,1856,2.99,False
automated_nangate_dpll-isdn_latest_final_variableresetrandomwalkfilter.gml,221,524,3,2,11,39,67,4.74,True
automated_nangate_jt51_latest_final_jt51_op.gml,3372,7306,38,14,70,477,643,4.33,True
automated_nangate_hamming_latest_final_ham_7_4_d.gml,121,292,4,2,7,12,21,4.83,True
automated_nangate_Aquarius_latest_final_register.gml,3872,9349,84,96,4,76,286,4.83,True
automated_nangate_mips_16_latest_final_EX_stag.gml,232,268,24,41,0,0,38,2.31,True
automated_nangate_turbo8051_latest_final_half_dup_byte_reg.gml,50,64,18,8,0,0,0,2.56,True
automated_nangate_fpu_latest_final_delay1.gml,9,8,3,2,0,0,0,1.78,True
automated_nangate_cookbook_final_uart_tx.gml,164,353,11,2,0,32,30,4.3,True
automated_nangate_rs_encoder_decoder_latest_final_GF8Mult219.gml,35,38,8,8,11,0,11,2.17,True
automated_nangate_aes-128_pipelined_encryption_latest_final_Round.gml,11701,29634,260,129,449,2908,4589,5.07,True
automated_nangate_turbo8051_latest_final_sfifo.gml,1244,2958,24,10,0,31,32,4.76,True
automated_nangate_cookbook_final_fec_rot_n2112.gml,309,488,32,32,147,0,211,3.16,True
automated_nangate_sha3_latest_final_round2in1.gml,30864,65330,1614,1600,9445,4365,15982,4.23,True
automated_nangate_cookbook_final_gf_mult_by_22.gml,38,43,8,8,11,0,13,2.26,True
automated_nangate_cookbook_final_pipeline_add.gml,246,430,42,20,19,25,47,3.5,True
automated_nangate_cookbook_final_gf_mult_by_36.gml,38,44,8,8,14,0,14,2.32,True
automated_nangate_cookbook_final_random_delay.gml,24,16,8,8,0,0,0,1.33,False
automated_nangate_cookbook_final_gf_mult_by_e1.gml,45,58,8,8,12,0,21,2.58,True
automated_nangate_md5_core-master_final_md5_fsm.gml,5049,11831,35,128,275,1092,1321,4.69,True
automated_nangate_cookbook_final_five_to_twenty.gml,6059,11032,334,1322,1,3,2,3.64,True
automated_nangate_cookbook_final_gf_mult_by_51.gml,40,46,8,8,10,0,14,2.3,True
automated_nangate_cookbook_final_gf_mult_by_bd.gml,43,54,8,8,14,0,19,2.51,True
automated_nangate_cookbook_final_gf_mult_by_79.gml,45,58,8,8,14,0,21,2.58,True
automated_nangate_cookbook_final_gf_mult_by_b2.gml,44,55,8,8,14,0,19,2.5,True
automated_nangate_ecg_latest_final_f3m_add3.gml,3298,6014,582,194,0,194,776,3.65,False
automated_nangate_rsencoder_latest_final_rs_encod.gml,3943,7453,139,128,1848,993,2184,3.78,True
automated_nangate_cookbook_final_twenty_to_fiv.gml,6914,13544,1324,332,1,335,4,3.92,True
automated_nangate_signed_integer_divider_latest_final_shift_7.gml,229,387,39,32,0,6,5,3.38,True
automated_nangate_cookbook_final_unstable_counters.gml,72,64,0,8,40,0,56,1.78,False
automated_nangate_cookbook_final_gf_mult_by_9d.gml,35,38,8,8,5,0,11,2.17,True
automated_nangate_jt51_latest_final_jt51_sh2.gml,372,854,8,5,0,0,0,4.59,True
automated_nangate_orsoc_graphics_accelerator_final_gfx_clip.gml,4461,9123,415,189,195,720,1333,4.09,False
automated_nangate_sha_core_latest_final_sha1.gml,7279,17910,38,36,406,762,1800,4.92,True
automated_nangate_altor32_latest_final_altor32_lit.gml,9276,23705,39,76,118,1008,1253,5.11,False
automated_nangate_iscas_final_TopLevel74181.gml,75,136,14,8,4,13,17,3.63,True
automated_nangate_rs_encoder_decoder_latest_final_GF8Mult242.gml,45,58,8,8,14,0,21,2.58,True
automated_nangate_iscas_final_MUX21H.gml,6,5,3,1,0,0,0,1.67,True
automated_nangate_cookbook_final_gf_mult_by_2.gml,43,54,8,8,10,0,19,2.51,True
automated_nangate_ecg_latest_final_func10.gml,26737,58160,390,389,0,3913,4134,4.35,True
automated_nangate_cookbook_final_gf_mult_by_d.gml,42,52,8,8,15,0,18,2.48,True
automated_nangate_present_encryptor_latest_final_key_updat.gml,340,292,85,80,7,2,8,1.72,False
automated_nangate_ecg_latest_final_f3_add.gml,20,33,4,2,0,1,4,3.3,True
automated_nangate_edge_latest_final_adder.gml,342,528,65,33,41,49,97,3.09,True
automated_nangate_cookbook_final_sub_bytes.gml,9600,25536,128,128,0,3264,2992,5.32,False
automated_nangate_csa_latest_final_sbox1.gml,47,94,5,2,0,8,16,4.0,True
automated_nangate_rs_encoder_decoder_latest_final_GF8Mult90.gml,46,60,8,8,13,0,22,2.61,True
automated_nangate_openmsp430_latest_final_in_buf.gml,3,2,1,1,0,0,0,1.33,True
automated_nangate_ecg_latest_final_func4.gml,1397,2179,198,196,0,196,196,3.12,True
automated_nangate_iscas_final_s1238.gml,589,1125,15,14,0,259,169,3.82,True
automated_nangate_rs_encoder_decoder_latest_final_GF8Mult108.gml,41,50,8,8,6,0,17,2.44,True
automated_nangate_cookbook_final_crc32c_dat64_flat.gml,1386,2489,96,32,909,0,1199,3.59,True
automated_nangate_rs_encoder_decoder_latest_final_GF8Invers.gml,571,973,11,9,110,147,172,3.41,True
automated_nangate_rs_encoder_decoder_latest_final_GF8Mult121.gml,45,58,8,8,15,0,21,2.58,True
automated_nangate_rs_encoder_decoder_latest_final_GF8Mult46.gml,38,43,8,8,11,0,13,2.26,True
automated_nangate_rs_encoder_decoder_latest_final_GF8Mult135.gml,38,44,8,8,14,0,14,2.32,True
automated_nangate_xge_mac_latest_final_fault_sm.gml,172,425,6,2,6,27,54,4.94,True
automated_nangate_reed_solomon_decoder_latest_final_BM_lamda.gml,3069,7668,160,89,67,345,441,5.0,True
automated_nangate_iscas_final_s838.gml,524,862,35,1,0,162,126,3.29,True
automated_nangate_tiny_aes_latest_final_expand_key_type_C_192.gml,3791,8082,201,320,168,764,880,4.26,True
automated_nangate_cookbook_final_mask_16.gml,58,77,4,16,0,6,6,2.66,False
automated_nangate_openmsp430_latest_final_omsp_clock_modul.gml,200,343,23,21,5,5,49,3.43,True
automated_nangate_ecg_latest_final_func11.gml,40427,88916,778,389,0,6559,7003,4.4,True
automated_nangate_cookbook_final_gf_mult_by_3.gml,44,56,8,8,12,0,20,2.55,True
automated_nangate_csa_latest_final_key_cnt.gml,8742,17357,68,1025,0,2,267,3.97,True
automated_nangate_cookbook_final_crc24_dat64_only_flat.gml,737,1284,64,24,465,0,611,3.48,True
automated_nangate_a-z80_latest_final_alu_bit_select.gml,30,43,3,8,0,0,8,2.87,True
automated_nangate_rs_encoder_decoder_latest_final_GF8Mult243.gml,46,59,8,8,17,0,21,2.57,True
automated_nangate_reed_solomon_codec_generator_latest_final_RsDecodeDegr.gml,276,321,168,5,1,29,50,2.33,True
automated_nangate_edge_latest_final_shift_left2.gml,94,62,30,32,0,0,0,1.32,False
automated_nangate_ft816float_latest_final_redor64.gml,395,1000,70,1,0,111,152,5.06,True
automated_nangate_cookbook_final_gf_mult_by_8a.gml,36,40,8,8,8,0,12,2.22,True
automated_nangate_aes_core_latest_final_aes_cipher_top.gml,14313,36198,259,129,717,3911,4628,5.06,True
automated_nangate_viterb_encoder_and_decoder_final_tbu.gml,100,207,20,2,0,7,19,4.14,True
automated_nangate_cookbook_final_gf_mult_by_87.gml,40,48,8,8,12,0,16,2.4,True
automated_nangate_openmsp430_latest_final_ogfx_reg_vram_addr.gml,637,1300,53,21,67,76,191,4.08,True
automated_nangate_turbo8051_latest_final_g_tx_crc32.gml,328,649,12,32,75,11,108,3.96,True
automated_nangate_mesi_isc_final_mesi_isc_broad_cntl.gml,109,211,11,13,0,5,29,3.87,True
automated_nangate_cookbook_final_gf_mult_by_c7.gml,41,50,8,8,13,0,17,2.44,True
automated_nangate_pairing_latest_final_f3_sub1.gml,9,9,2,2,0,0,2,2.0,True
automated_nangate_cookbook_final_gf_mult_by_50.gml,43,54,8,8,16,0,19,2.51,True
automated_nangate_openmsp430_latest_final_DE0_NANO_SOC_QSYS_jtag_uart_scfifo_r.gml,32,16,0,16,0,0,0,1.0,False
automated_nangate_Aquarius_latest_final_uart.gml,739,1578,33,34,9,83,104,4.27,False
automated_nangate_m1_core_latest_final_ps2_io_ctrl.gml,21,24,6,3,0,2,1,2.29,True
automated_nangate_cookbook_final_gf_mult_by_85.gml,43,54,8,8,14,0,19,2.51,True
automated_nangate_cookbook_final_gf_mult_by_91.gml,48,64,8,8,16,0,24,2.67,True
automated_nangate_sdr_ctrl_latest_final_sdrc_req_g.gml,768,1603,50,46,31,110,129,4.17,False
automated_nangate_ft816float_latest_final_fpMul.gml,86204,199165,258,246,9875,24416,36970,4.62,True
automated_nangate_epfl_final_top.gml,1583,2091,256,129,126,69,441,2.64,True
automated_nangate_turbo8051_latest_final_uart_rxfsm.gml,177,390,8,11,6,24,36,4.41,True
automated_nangate_jt51_latest_final_jt51_sh1.gml,81,175,4,1,0,0,0,4.32,True
automated_nangate_mem_ctrl_latest_final_mc_obct.gml,273,604,20,3,13,28,55,4.42,True
automated_nangate_rs_encoder_decoder_latest_final_GF8Mult2.gml,33,30,8,8,2,0,5,1.82,False
automated_nangate_rs_encoder_decoder_latest_final_GF8Mult241.gml,44,56,8,8,13,0,20,2.55,True
automated_nangate_turbo8051_latest_final_oc8051_sfr.gml,3058,7390,100,96,47,554,510,4.83,True
automated_nangate_RSA-Verilog-master_final_shift_add_mult4.gml,86,177,8,8,8,23,23,4.12,True
automated_nangate_edge_latest_final_zero_extend.gml,80,48,16,32,0,0,0,1.2,False
automated_nangate_cookbook_final_gf_mult_by_1.gml,40,48,8,8,8,0,16,2.4,True
automated_nangate_mem_ctrl_latest_final_mc_rf.gml,4055,7975,90,233,0,418,292,3.93,False
automated_nangate_mriscv_final_DAC_interface_APB.gml,239,366,17,45,1,15,24,3.06,False
automated_nangate_RSA-Verilog-master_final_parallel_to_serial.gml,1220,2321,259,9,4,16,16,3.8,True
automated_nangate_fpu_latest_final_fpu.gml,20899,50046,70,40,1903,4005,7413,4.79,True
automated_nangate_rs_encoder_decoder_latest_final_GF8Mult93.gml,41,50,8,8,14,0,17,2.44,True
automated_nangate_mips_16_latest_final_alu.gml,32,16,0,16,0,0,0,1.0,False
automated_nangate_xge_mac_latest_final_tx_stats_fifo.gml,1031,2467,19,15,28,20,68,4.79,True
automated_nangate_rs_encoder_decoder_latest_final_GF8Mult87.gml,44,56,8,8,13,0,20,2.55,True
automated_nangate_ecg_latest_final_func7.gml,618,475,194,194,0,3,12,1.54,False
automated_nangate_aes_highthroughput_lowarea_latest_final_xram_16x64.gml,3698,8875,74,64,0,106,8,4.8,True
automated_nangate_rs_encoder_decoder_latest_final_GF8Mult50.gml,35,38,8,8,11,0,11,2.17,True
automated_nangate_rs_encoder_decoder_latest_final_GF8Mult123.gml,39,46,8,8,13,0,15,2.36,True
automated_nangate_fpu_latest_final_fcmp.gml,306,573,64,6,6,64,88,3.75,True
automated_nangate_rs_encoder_decoder_latest_final_GF8Mult78.gml,46,59,8,8,15,0,21,2.57,True
automated_nangate_iscas_final_OR2.gml,5,4,2,1,0,0,1,1.6,True
automated_nangate_rs_encoder_decoder_latest_final_GF8Mult79.gml,43,54,8,8,12,0,19,2.51,True
automated_nangate_ft816float_latest_final_fp_cmp_unit.gml,311,584,64,6,9,51,101,3.76,False
automated_nangate_sdr_ctrl_latest_final_wb2sdr.gml,2822,6104,104,106,32,35,364,4.33,True
automated_nangate_rs_encoder_decoder_latest_final_GF8Mult122.gml,39,46,8,8,10,0,15,2.36,True
automated_nangate_rs_encoder_decoder_latest_final_GF8Mult51.gml,36,40,8,8,12,0,12,2.22,True
automated_nangate_cookbook_final_fec_rot_3.gml,128,107,32,32,11,0,11,1.67,False
automated_nangate_ecg_latest_final_func6.gml,12,14,3,1,0,0,3,2.33,True
automated_nangate_sdr_ctrl_latest_final_sdrc_cor.gml,3884,8508,147,78,75,520,577,4.38,True
automated_nangate_csa_latest_final_sbox3.gml,48,99,5,2,0,14,11,4.12,True
automated_nangate_rs_encoder_decoder_latest_final_GF8Mult92.gml,42,52,8,8,12,0,18,2.48,True
automated_nangate_ft816float_latest_final_IntToFloat.gml,691,1490,36,32,28,83,157,4.31,True
automated_nangate_des_latest_final_sbox5.gml,99,282,6,4,0,29,17,5.7,True
automated_nangate_Lightweight-Threshold-Implementations-master_final_sub1.gml,576,512,256,64,128,64,128,1.78,False
automated_nangate_ft816float_latest_final_cntlz48.gml,186,325,48,6,0,16,45,3.49,True
automated_nangate_mriscvcore_final_Alg_Boot.gml,639,1270,39,34,19,74,131,3.97,True
automated_nangate_cookbook_final_gf_mult_by_f.gml,47,62,8,8,11,0,23,2.64,True
automated_nangate_turbo8051_latest_final_oc8051_cy_select.gml,9,9,4,1,0,2,0,2.0,True
automated_nangate_cookbook_final_gf_mult_by_0.gml,42,52,8,8,13,0,18,2.48,True
automated_nangate_systemcaes_latest_final_sbox.gml,266,517,11,8,85,36,140,3.89,True
automated_nangate_jt51_latest_final_jt51_exptabl.gml,483,1231,8,13,1,153,160,5.1,False
automated_nangate_rs_encoder_decoder_latest_final_GF8Mult240.gml,42,51,8,8,12,0,17,2.43,True
automated_nangate_turbo8051_latest_final_g_deferral.gml,62,129,12,1,2,6,10,4.16,True
automated_nangate_rs_encoder_decoder_latest_final_GF8Mult3.gml,35,35,8,8,8,0,8,2.0,False
automated_nangate_mesi_isc_final_mesi_is.gml,2751,6665,146,48,7,243,85,4.85,True
automated_nangate_fixed_point_arithmetic_parameterized_latest_final_qdi.gml,986,2106,66,33,32,145,192,4.27,True
automated_nangate_iscas_final_c3540.gml,627,1452,50,22,38,106,180,4.63,True
automated_nangate_cookbook_final_gf_mult_by_90.gml,46,60,8,8,17,0,22,2.61,True
automated_nangate_cookbook_final_gf_mult_by_84.gml,40,46,8,8,9,0,14,2.3,True
automated_nangate_cookbook_final_gf_mult_by_53.gml,36,39,8,8,9,0,11,2.17,True
automated_nangate_openmsp430_latest_final_omsp_timerA.gml,1444,3462,47,24,66,225,293,4.8,True
automated_nangate_cookbook_final_gf_mult_by_bf.gml,44,56,8,8,15,0,20,2.55,True
automated_nangate_cookbook_final_gf_mult_by_47.gml,33,30,8,8,2,0,5,1.82,False
automated_nangate_cookbook_final_gf_mult_by_b4.gml,41,50,8,8,14,0,17,2.44,True
automated_nangate_cookbook_final_gf_mult_by_5a.gml,41,50,8,8,9,0,17,2.44,True
automated_nangate_aes-encryption_latest_final_aes_key_expand_128.gml,6087,14905,130,256,240,1745,1875,4.9,True
automated_nangate_signed_integer_divider_latest_final_shift_1.gml,135,165,33,32,0,0,1,2.44,True
automated_nangate_cookbook_final_ecc_raw_data_32bit.gml,96,64,32,32,0,0,0,1.33,False
automated_nangate_jt51_latest_final_jt51_timer.gml,141,304,16,2,3,23,29,4.31,True
automated_nangate_two_dimensional_fast_hartley_transform_latest_final_signed_mult_const_fpga.gml,251,533,11,9,47,38,97,4.25,True
automated_nangate_rs_encoder_decoder_latest_final_GF8Mult250.gml,38,43,8,8,13,0,13,2.26,True
automated_nangate_rs_encoder_decoder_latest_final_GF8Mult244.gml,42,52,8,8,11,0,18,2.48,True
automated_nangate_jt51_latest_final_jt51_sum_op.gml,350,717,17,16,16,54,67,4.1,True
automated_nangate_Lightweight-Threshold-Implementations-master_final_key_schedule_2.gml,336,745,18,1,2,4,10,4.43,True
automated_nangate_cookbook_final_gf_mult_by_4.gml,35,38,8,8,9,0,11,2.17,True
automated_nangate_des_latest_final_sbox1.gml,143,396,6,4,0,45,43,5.54,True
automated_nangate_edge_latest_final_controller.gml,258,488,17,35,1,62,61,3.78,False
automated_nangate_altor32_latest_final_altor32_dcache_mem_if.gml,1725,3443,166,170,4,196,146,3.99,True
automated_nangate_ecg_latest_final_func2.gml,586,390,194,196,0,0,0,1.33,False
automated_nangate_gcm-aes_latest_final_gfm128_16.gml,5692,9581,272,256,1722,1902,2259,3.37,True
automated_nangate_rs_encoder_decoder_latest_final_GF8Mult96.gml,40,47,8,8,9,0,15,2.35,True
automated_nangate_rs_decoder_31_19_6_latest_final_MainControl.gml,212,427,12,16,3,22,64,4.03,True
automated_nangate_rs_encoder_decoder_latest_final_GF8Mult69.gml,43,54,8,8,13,0,19,2.51,True
automated_nangate_cookbook_final_twenty_to_eight.gml,13664,29987,1324,530,0,820,1359,4.39,True
automated_nangate_rs_encoder_decoder_latest_final_GF8Mult126.gml,42,52,8,8,15,0,18,2.48,True
automated_nangate_rs_encoder_decoder_latest_final_GF8Mult132.gml,40,48,8,8,13,0,16,2.4,True
automated_nangate_rs_encoder_decoder_latest_final_GF8Mult133.gml,40,48,8,8,8,0,16,2.4,True
automated_nangate_cookbook_final_des.gml,15925,45051,122,64,1280,3760,4416,5.66,True
automated_nangate_rs_encoder_decoder_latest_final_GF8Mult68.gml,44,56,8,8,16,0,20,2.55,True
automated_nangate_rs_encoder_decoder_latest_final_GF8Mult83.gml,44,56,8,8,18,0,20,2.55,True
automated_nangate_rs_encoder_decoder_latest_final_GF8GenMultBitSer.gml,179,376,19,9,0,22,22,4.2,True
automated_nangate_ecg_latest_final_func3.gml,628,475,194,196,0,10,10,1.51,False
automated_nangate_crcahb_latest_final_host_interfa.gml,495,628,151,78,0,19,12,2.54,False
automated_nangate_cookbook_final_gf_mult_by_5.gml,41,50,8,8,17,0,17,2.44,True
automated_nangate_altor32_latest_final_altor32_dfu.gml,813,1437,155,66,4,45,45,3.54,True
automated_nangate_cookbook_final_crc_flat.gml,233,176,59,58,2,0,2,1.51,False
automated_nangate_rs_encoder_decoder_latest_final_GF8Mult6.gml,38,44,8,8,14,0,14,2.32,True
automated_nangate_rs_encoder_decoder_latest_final_RS8CALCR08.gml,768,1648,84,17,64,75,141,4.29,True
automated_nangate_reed_solomon_codec_generator_latest_final_RsDecodeMult.gml,173,298,16,8,64,64,77,3.45,True
automated_nangate_mriscvcore_final_true_dpram_sclk.gml,6431,15526,44,64,0,1594,417,4.83,True
automated_nangate_pairing_latest_final_f32m_mux6.gml,5022,6956,2334,388,0,388,0,2.77,True
automated_nangate_openmsp430_latest_final_omsp_clock_gat.gml,5,4,1,1,0,1,0,1.6,True
automated_nangate_apbtoaes128_latest_final_datapat.gml,7153,17026,91,97,532,514,1454,4.76,False
automated_nangate_turbo8051_latest_final_half_dup_dble_reg.gml,8,11,3,1,0,0,0,2.75,True
automated_nangate_Aquarius_latest_final_clk_gat.gml,3,2,1,1,0,0,0,1.33,True
automated_nangate_orsoc_graphics_accelerator_final_color_to_memory.gml,207,331,36,36,0,26,49,3.2,True
automated_nangate_cookbook_final_gf_mult_by_56.gml,34,36,8,8,7,0,10,2.12,True
automated_nangate_cookbook_final_round_key_select.gml,144,96,48,48,0,0,0,1.33,False
automated_nangate_cookbook_final_gf_mult_by_42.gml,39,45,8,8,10,0,14,2.31,True
automated_nangate_cookbook_final_gf_mult_by_c1.gml,39,45,8,8,10,0,14,2.31,True
automated_nangate_iscas_final_Circuit74L85.gml,40,67,11,3,2,3,6,3.35,True
automated_nangate_cookbook_final_gf_mult_by_b5.gml,41,50,8,8,14,0,17,2.44,True
automated_nangate_AES-T1000_final_expand_key_128.gml,3522,7813,137,256,232,764,944,4.44,True
automated_nangate_Lightweight-Threshold-Implementations-master_final_simon_datapath_shiftreg.gml,367,830,6,7,2,12,15,4.52,True
automated_nangate_ft816float_latest_final_fpNormaliz.gml,4323,10034,245,131,22,546,368,4.64,True
automated_nangate_cookbook_final_gf_mult_by_4f.gml,37,42,8,8,13,0,13,2.27,True
automated_nangate_cookbook_final_gf_mult_by_ba.gml,42,52,8,8,13,0,18,2.48,True
automated_nangate_cookbook_final_gf_mult_by_9a.gml,40,48,8,8,10,0,16,2.4,True
automated_nangate_cookbook_final_gf_mult_by_97.gml,43,53,8,8,10,0,18,2.47,True
automated_nangate_a-z80_latest_final_uart.gml,226,497,11,2,4,25,50,4.4,True
automated_nangate_cookbook_final_gf_mult_by_83.gml,43,53,8,8,12,0,18,2.47,True
automated_nangate_hight_latest_final_HIGHT_CORE_TOP.gml,2968,6686,198,66,295,403,693,4.51,True
automated_nangate_dpll-isdn_latest_final_phasecomparator.gml,15,20,3,2,0,0,2,2.67,True
automated_nangate_bch_configurable_latest_final_test_correct.gml,2655,6248,38,19,18,97,185,4.71,True
automated_nangate_ecg_latest_final_f3m_mult3.gml,12998,26003,1166,583,0,1707,1484,4.0,True
automated_nangate_RSA-Verilog-master_final_shift_add_mult2.gml,4210,4208,1025,1025,0,1024,0,2.0,False
automated_nangate_rs_encoder_decoder_latest_final_GF8Mult247.gml,42,52,8,8,12,0,18,2.48,True
automated_nangate_minirisc_latest_final_mux2_7.gml,36,35,15,7,0,0,0,1.94,True
automated_nangate_rs_encoder_decoder_latest_final_GF8Mult253.gml,35,33,8,8,4,0,6,1.89,False
automated_nangate_rs_encoder_decoder_latest_final_GF8Mult4.gml,36,38,8,8,10,0,10,2.11,True
automated_nangate_turbo8051_latest_final_g_cfg_mgmt.gml,2463,5236,77,255,52,262,286,4.25,True
automated_nangate_cookbook_final_gf_mult_by_7.gml,46,60,8,8,11,0,22,2.61,True
automated_nangate_rtf8088_latest_final_evaluate_bra.gml,89,162,29,1,1,16,21,3.64,True
automated_nangate_cookbook_final_chain_delay_adjust.gml,348,751,5,25,8,40,65,4.32,True
automated_nangate_turbo8051_latest_final_double_sync_hig.gml,8,11,3,1,0,0,0,2.75,True
automated_nangate_aes-master_final_aes_inv_sbox.gml,2474,6477,32,32,0,938,689,5.24,False
automated_nangate_sha3_latest_final_rconst.gml,180,166,24,64,0,7,21,1.84,False
automated_nangate_Aquarius_latest_final_sasc_top.gml,456,1020,16,12,7,30,48,4.47,True
automated_nangate_aes_highthroughput_lowarea_latest_final_inv_word_mix_columns.gml,876,1308,32,32,464,0,464,2.99,True
automated_nangate_cookbook_final_crc32c_dat64_only_flat.gml,921,1635,64,32,583,0,778,3.55,True
automated_nangate_md5_core-master_final_sram.gml,7979,19161,42,32,0,103,114,4.8,True
automated_nangate_siphash-master_final_siphas.gml,6782,15631,44,32,678,895,1874,4.61,True
automated_nangate_rs_decoder_31_19_6_latest_final_degree1_cell.gml,38,51,8,5,1,5,1,2.68,True
automated_nangate_aes_highthroughput_lowarea_latest_final_byte_mix_columns.gml,96,102,32,8,36,0,38,2.12,True
automated_nangate_rs_encoder_decoder_latest_final_GF8Mult81.gml,47,62,8,8,15,0,23,2.64,True
automated_nangate_rs_encoder_decoder_latest_final_GF8Mult95.gml,40,48,8,8,14,0,16,2.4,True
automated_nangate_iscas_final_OR4.gml,7,6,4,1,0,0,1,1.71,True
automated_nangate_rs_encoder_decoder_latest_final_GF8Mult119.gml,45,58,8,8,10,0,21,2.58,True
automated_nangate_rs_encoder_decoder_latest_final_GF8Mult131.gml,42,52,8,8,9,0,18,2.48,True
automated_nangate_rs_encoder_decoder_latest_final_GF8Mult42.gml,42,52,8,8,16,0,18,2.48,True
automated_nangate_openmsp430_latest_final_omsp_clock_mux.gml,21,31,5,1,0,2,2,2.95,True
automated_nangate_rs_encoder_decoder_latest_final_GF8Mult57.gml,43,53,8,8,10,0,18,2.47,True
automated_nangate_rs_encoder_decoder_latest_final_GF8Mult124.gml,40,48,8,8,11,0,16,2.4,True
automated_nangate_openmsp430_latest_final_ogfx_backend_lut_fifo.gml,647,1468,54,28,2,55,52,4.54,True
automated_nangate_RSA-Verilog-master_final_LED_Verilog.gml,120,251,1,8,12,25,34,4.18,True
automated_nangate_rs_encoder_decoder_latest_final_GF8Mult43.gml,41,50,8,8,14,0,17,2.44,True
automated_nangate_rs_encoder_decoder_latest_final_GF8Mult130.gml,46,60,8,8,16,0,22,2.61,True
automated_nangate_rs_encoder_decoder_latest_final_GF8Mult118.gml,42,52,8,8,10,0,18,2.48,True
automated_nangate_ft816float_latest_final_cntlz32Reg.gml,145,260,34,6,0,11,35,3.59,True
automated_nangate_Lightweight-Threshold-Implementations-master_final_serial_simo.gml,815,1905,4,3,8,36,77,4.67,True
automated_nangate_tiny_tate_bilinear_pairing_latest_final_f3_mult.gml,16,22,4,2,0,2,2,2.75,True
automated_nangate_csa_latest_final_sbox5.gml,41,86,5,2,0,5,11,4.2,True
automated_nangate_tiny_aes_latest_final_expand_key_type_B_192.gml,1404,1723,193,320,128,0,128,2.45,True
automated_nangate_sdr_ctrl_latest_final_async_fifo.gml,246,536,14,12,10,9,40,4.36,True
automated_nangate_des_latest_final_sbox3.gml,105,294,6,4,0,33,27,5.6,True
automated_nangate_cookbook_final_gf_mult_by_6.gml,37,41,8,8,9,0,12,2.22,True
automated_nangate_jt51_latest_final_jt51_lfo.gml,2465,5521,28,15,165,237,511,4.48,True
automated_nangate_ft816float_latest_final_fpCompar.gml,300,571,64,5,12,43,101,3.81,False
automated_nangate_rs_encoder_decoder_latest_final_GF8Mult5.gml,37,41,8,8,12,0,12,2.22,True
automated_nangate_iscas_final_s38584.gml,21969,36859,39,304,0,7642,3806,3.36,False
automated_nangate_iscas_final_foobar.gml,329,576,60,26,15,58,67,3.5,False
automated_nangate_m1_core_latest_final_ps2_keyboard.gml,530,1196,31,14,31,74,151,4.51,True
automated_nangate_iscas_final_Emodul.gml,26,28,10,4,0,4,0,2.15,True
automated_nangate_openmsp430_latest_final_omsp_scan_mux.gml,6,5,3,1,0,0,0,1.67,True
automated_nangate_cookbook_final_ready_skid.gml,175,344,20,18,0,6,3,3.93,True
automated_nangate_cookbook_final_gf_mult_by_82.gml,39,46,8,8,13,0,15,2.36,True
automated_nangate_cookbook_final_gf_mult_by_96.gml,41,50,8,8,17,0,17,2.44,True
automated_nangate_cookbook_final_gf_mult_by_8d.gml,39,46,8,8,13,0,15,2.36,True
automated_nangate_signed_integer_divider_latest_final_shift_3.gml,178,271,35,32,0,2,2,3.04,True
automated_nangate_AES-T200_final_S4.gml,2414,6321,33,32,0,764,712,5.24,True
automated_nangate_turbo8051_latest_final_g_mac_top.gml,8296,19723,79,164,430,752,1453,4.75,False
automated_nangate_cookbook_final_gf_mult_by_41.gml,39,45,8,8,10,0,14,2.31,True
automated_nangate_viterb_encoder_and_decoder_final_viterbi_tx_rx.gml,62825,153079,4,1,140,6310,696,4.87,True
automated_nangate_cookbook_final_gf_mult_by_cd.gml,39,46,8,8,12,0,15,2.36,True
automated_nangate_cookbook_final_gf_mult_by_b6.gml,42,52,8,8,13,0,18,2.48,True
automated_nangate_cookbook_final_gf_mult_by_69.gml,44,56,8,8,17,0,20,2.55,True
automated_nangate_configurable_crc_core_latest_final_cfg_cr.gml,36,63,5,5,1,1,6,3.5,True
automated_nangate_cookbook_final_gf_mult_by_aa.gml,42,52,8,8,15,0,18,2.48,True
automated_nangate_sha3_latest_final_keccak.gml,20822,42417,38,514,6369,1447,10024,4.07,True
automated_nangate_cookbook_final_gf_mult_by_64.gml,37,42,8,8,10,0,13,2.27,True
automated_nangate_cookbook_final_gf_mult_by_a7.gml,34,36,8,8,8,0,10,2.12,True
automated_nangate_tiny_aes_latest_final_table_lookup.gml,5061,13096,33,128,32,1596,1440,5.18,True
automated_nangate_cookbook_final_gf_mult_by_7f.gml,46,60,8,8,17,0,22,2.61,True
automated_nangate_cookbook_final_gf_mult_by_58.gml,43,53,8,8,10,0,18,2.47,True
automated_nangate_hight_latest_final_KEY_SCHED.gml,1241,2901,138,32,40,122,199,4.68,True
automated_nangate_csa_latest_final_stream_cypher.gml,12330,27816,132,64,1280,2240,4278,4.51,True
automated_nangate_minsoc_latest_final_or1200_spram_1024x8.gml,31132,76921,23,8,0,1592,756,4.94,True
automated_nangate_rs_encoder_decoder_latest_final_GF8Mult8.gml,42,52,8,8,13,0,18,2.48,True
automated_nangate_jt51_latest_final_jt51_mmr.gml,7433,17695,13,135,13,720,910,4.76,True
automated_nangate_cookbook_final_crc32_dat72_flat.gml,1629,2941,104,32,1054,0,1416,3.61,True
automated_nangate_sha256-master_final_sha256_cor.gml,10768,24765,517,258,884,1570,2369,4.6,True
automated_nangate_edge_latest_final_mux_WBResult.gml,387,523,163,32,0,1,100,2.7,True
automated_nangate_sha3_latest_final_rconst2in1.gml,300,220,12,128,0,14,13,1.47,False
automated_nangate_cookbook_final_buf_2to3.gml,565,1267,20,26,1,65,31,4.48,True
automated_nangate_edge_latest_final_shifter_right_logical.gml,315,597,37,32,0,27,20,3.79,True
automated_nangate_cookbook_final_ycbcr_to_rg.gml,1227,2442,25,24,244,214,460,3.98,True
automated_nangate_mriscv_final_decodificador_axi.gml,33,49,4,8,0,2,8,2.97,True
automated_nangate_a-z80_latest_final_alu_cor.gml,53,98,12,6,1,4,5,3.7,True
automated_nangate_cookbook_final_fec_rot_8.gml,128,122,32,32,26,0,26,1.91,False
automated_nangate_rs_encoder_decoder_latest_final_GF8Mult99.gml,37,41,8,8,10,0,12,2.22,True
automated_nangate_cookbook_final_asc_to_7seg.gml,158,412,8,7,0,44,56,5.22,True
automated_nangate_rs_encoder_decoder_latest_final_GF8Mult115.gml,45,58,8,8,14,0,21,2.58,True
automated_nangate_siphash-master_final_siphash_cor.gml,5263,11520,206,130,663,698,1720,4.38,True
automated_nangate_rs_encoder_decoder_latest_final_GF8Mult101.gml,39,44,8,8,9,0,13,2.26,True
automated_nangate_rs_encoder_decoder_latest_final_GF8Mult72.gml,42,51,8,8,11,0,17,2.43,True
automated_nangate_xge_mac_latest_final_tx_data_fifo.gml,17792,42982,78,76,45,245,238,4.83,True
automated_nangate_iscas_final_FD1S.gml,10,8,4,2,0,0,0,1.6,False
automated_nangate_cookbook_final_gearbox_32_33.gml,837,1979,36,34,3,95,105,4.73,True
automated_nangate_rs_encoder_decoder_latest_final_GF8Mult100.gml,37,41,8,8,10,0,12,2.22,True
automated_nangate_rs_5_3_gf256_latest_final_RS_5_3_GF256.gml,1376,3434,12,9,62,226,489,4.99,True
automated_nangate_rs_encoder_decoder_latest_final_GF8Mult67.gml,43,54,8,8,8,0,19,2.51,True
automated_nangate_cookbook_final_fec_rot_9.gml,128,125,32,32,29,0,29,1.95,False
automated_nangate_edge_latest_final_sign_extend.gml,84,68,16,32,0,0,0,1.62,False
automated_nangate_rtf8088_latest_final_divr2.gml,1528,3405,70,50,50,207,257,4.46,True
automated_nangate_xge_mac_latest_final_wishbone_if.gml,795,1278,159,39,2,28,146,3.22,True
automated_nangate_cookbook_final_sbox.gml,600,1596,8,8,0,204,187,5.32,True
automated_nangate_mriscv_final_AXI_SP32B1024.gml,528,754,95,81,0,4,5,2.86,False
automated_nangate_ecg_latest_final_f3m_add.gml,1940,3201,388,194,0,97,388,3.3,False
automated_nangate_turbo8051_latest_final_oc8051_decoder.gml,702,1710,13,39,0,173,183,4.87,True
automated_nangate_8bit_vedic_multiplier_latest_final_half_adder.gml,8,8,2,2,1,1,1,2.0,True
automated_nangate_rs_encoder_decoder_latest_final_GF8Mult9.gml,41,50,8,8,14,0,17,2.44,True
automated_nangate_turbo8051_latest_final_oc8051_tc2.gml,458,1016,24,44,4,57,41,4.44,True
automated_nangate_cookbook_final_crc32_dat96_flat.gml,2111,3811,128,32,1381,0,1828,3.61,True
automated_nangate_apbtoaes128_latest_final_data_swap.gml,219,413,34,32,0,2,2,3.77,True
automated_nangate_orsoc_graphics_accelerator_final_memory_to_color.gml,235,389,36,36,0,2,64,3.31,False
automated_nangate_cookbook_final_six_three_comp.gml,37,78,6,3,1,11,7,4.22,True
automated_nangate_aes_highthroughput_lowarea_latest_final_mix_columns.gml,1152,1632,128,128,576,0,608,2.83,False
automated_nangate_m1_core_latest_final_ps2_wb_if.gml,601,1279,38,62,0,45,47,4.26,True
automated_nangate_Aquarius_latest_final_pio.gml,317,413,72,64,0,36,0,2.61,True
automated_nangate_a-z80_latest_final_alu_shifter_cor.gml,56,86,11,10,0,0,1,3.07,True
automated_nangate_cookbook_final_gf_mult_by_67.gml,46,60,8,8,11,0,22,2.61,True
automated_nangate_cookbook_final_gf_mult_by_73.gml,42,52,8,8,12,0,18,2.48,True
automated_nangate_cookbook_final_gf_mult_by_b8.gml,41,50,8,8,12,0,17,2.44,True
automated_nangate_cookbook_final_gf_mult_by_6a.gml,45,57,8,8,13,0,20,2.53,True
automated_nangate_cookbook_final_gf_mult_by_a4.gml,42,52,8,8,15,0,18,2.48,True
automated_nangate_cavlc_latest_final_cavlc_read_total_zeros.gml,346,879,16,8,0,94,87,5.08,True
automated_nangate_xge_mac_latest_final_tx_hold_fifo.gml,4538,10881,76,76,12,30,41,4.8,True
automated_nangate_simon_core_latest_final_top_modul.gml,796,1847,4,1,9,33,63,4.64,True
automated_nangate_cookbook_final_gf_mult_by_98.gml,43,54,8,8,14,0,19,2.51,True
automated_nangate_csa_latest_final_stream_iteratio.gml,725,1071,116,109,40,70,129,2.95,False
automated_nangate_ft816float_latest_final_cntlz8.gml,32,48,8,4,0,2,7,3.0,True
automated_nangate_iscas_final_s953.gml,492,852,17,23,0,163,150,3.46,True
automated_nangate_mriscvcore_final_Count.gml,855,1818,67,33,70,188,239,4.25,True
automated_nangate_ft816float_latest_final_fp_decomp.gml,205,221,32,64,0,10,10,2.16,False
automated_nangate_cookbook_final_gf_mult_by_8.gml,42,51,8,8,13,0,17,2.43,True
automated_nangate_openmsp430_latest_final_DE0_NANO_SOC_QSYS_sysid_qsys.gml,65,47,1,32,0,0,0,1.45,False
automated_nangate_cookbook_final_ecc_correction_64bit.gml,442,949,8,65,1,89,136,4.29,True
automated_nangate_ecg_latest_final_f3m_i.gml,12490,26614,196,195,0,1586,1582,4.26,True
automated_nangate_i2c_latest_final_delay.gml,3,2,1,1,0,0,0,1.33,True
automated_nangate_cookbook_final_word_adder_plai.gml,65,91,16,8,12,8,17,2.8,True
automated_nangate_md5_core-master_final_fifo.gml,9204,21405,132,128,2,34,43,4.65,True
automated_nangate_BLAKE_final_BLAKE_G_FUNCTION.gml,1875,3320,192,128,326,287,663,3.54,True
automated_nangate_rs_encoder_decoder_latest_final_GF8Mult65.gml,43,54,8,8,11,0,19,2.51,True
automated_nangate_rs_encoder_decoder_latest_final_GF8Mult116.gml,42,52,8,8,13,0,18,2.48,True
automated_nangate_rs_encoder_decoder_latest_final_GF8Mult58.gml,41,50,8,8,10,0,17,2.44,True
automated_nangate_trigonometric_functions_in_double_fpu_latest_final_sine_lut.gml,1306,3407,34,64,0,503,497,5.22,False
automated_nangate_rs_encoder_decoder_latest_final_GF8Mult117.gml,44,56,8,8,12,0,20,2.55,True
automated_nangate_rs_encoder_decoder_latest_final_GF8Mult103.gml,40,48,8,8,14,0,16,2.4,True
automated_nangate_aes-128_pipelined_encryption_latest_final_AddRoundKey.gml,938,1322,260,129,128,2,128,2.82,True
automated_nangate_gost28147-89_latest_final_gost89_pipelined_ecb_encrypt.gml,42062,93901,833,64,2400,6304,6496,4.46,True
automated_nangate_systemcaes_latest_final_keysched192.gml,1551,2687,207,203,107,56,302,3.46,False
automated_nangate_rs_encoder_decoder_latest_final_GF8SigmaAdder8t.gml,360,288,144,72,72,0,72,1.6,False
automated_nangate_csa_latest_final_block_sbox.gml,641,1662,8,8,0,266,139,5.19,True
automated_nangate_turbo8051_latest_final_oc8051_indi_addr.gml,306,735,23,8,1,14,26,4.8,True
automated_nangate_cookbook_final_gf_mult_by_9.gml,39,45,8,8,11,0,14,2.31,True
automated_nangate_8bit_vedic_multiplier_latest_final_full_adder.gml,12,14,3,2,2,2,3,2.33,True
automated_nangate_cookbook_final_gf_mult.gml,226,417,16,8,84,48,123,3.69,True
automated_nangate_openmsp430_latest_final_DE0_NANO_SOC_QSYS_sw.gml,231,410,26,33,0,15,22,3.55,False
automated_nangate_turbo8051_latest_final_g_tx_fsm.gml,511,1001,51,35,11,53,73,3.92,True
automated_nangate_iscas_final_c499.gml,275,472,41,32,85,16,152,3.43,True
automated_nangate_cookbook_final_gf_mult_by_7d.gml,44,55,8,8,14,0,19,2.5,True
automated_nangate_cookbook_final_gf_mult_by_b9.gml,42,52,8,8,11,0,18,2.48,True
automated_nangate_ft816float_latest_final_cntlo8.gml,40,56,8,4,0,2,7,2.8,True
automated_nangate_cookbook_final_gf_mult_by_66.gml,44,56,8,8,12,0,20,2.55,True
automated_nangate_cookbook_final_rot_word.gml,96,64,32,32,0,0,0,1.33,False
automated_nangate_cookbook_final_gf_mult_by_6d.gml,40,48,8,8,16,0,16,2.4,True
automated_nangate_a-z80_latest_final_address_mux.gml,81,80,33,16,0,0,0,1.98,True
automated_nangate_cookbook_final_gf_mult_by_62.gml,43,54,8,8,13,0,19,2.51,True
automated_nangate_apbtoaes128_latest_final_sBox.gml,906,1660,34,64,224,80,472,3.66,True
automated_nangate_aes_core_latest_final_aes_sbox.gml,600,1596,8,8,0,204,187,5.32,True
automated_nangate_cookbook_final_gf_mult_by_89.gml,40,48,8,8,11,0,16,2.4,True
automated_nangate_tiny_aes_latest_final_expand_key_128.gml,3522,7813,137,256,232,764,944,4.44,True
automated_nangate_cookbook_final_fixed_to_float.gml,367,697,9,32,1,30,31,3.8,False
automated_nangate_Aquarius_latest_final_mem.gml,1167,2133,139,122,0,139,21,3.66,True
automated_nangate_cookbook_final_fn_.gml,384,320,192,64,0,0,0,1.67,False
automated_nangate_turbo8051_latest_final_clk_ctl.gml,15,25,4,1,0,0,3,3.33,True
automated_nangate_mod3_calc_latest_final_mod3_adder.gml,20,38,4,2,0,8,0,3.8,True
automated_nangate_des_latest_final_sbox8.gml,105,292,6,4,0,32,24,5.56,True
automated_nangate_apbtoaes128_latest_final_mix_columns.gml,356,517,32,64,109,0,193,2.9,True
automated_nangate_cookbook_final_error_loc_poly_round_multi_step.gml,4942,9955,396,261,842,512,1948,4.03,False
automated_nangate_ecg_latest_final_f3m_ni.gml,3078,6245,195,194,0,528,528,4.06,True
automated_nangate_rs_encoder_decoder_latest_final_GF8Mult48.gml,35,37,8,8,8,0,10,2.11,True
automated_nangate_openmsp430_latest_final_omsp_de0_nano_soc_led_key_sw.gml,890,2015,39,26,6,132,254,4.53,True
automated_nangate_rs_encoder_decoder_latest_final_GF8Mult60.gml,44,55,8,8,14,0,19,2.5,True
automated_nangate_mem_ctrl_latest_final_mc_dp.gml,1090,2211,90,69,44,48,86,4.06,True
automated_nangate_rs_encoder_decoder_latest_final_GF8Mult106.gml,42,52,8,8,16,0,18,2.48,True
automated_nangate_rs_encoder_decoder_latest_final_GF8Mult75.gml,42,52,8,8,15,0,18,2.48,True
automated_nangate_turbo8051_latest_final_oc8051_int.gml,575,1282,29,35,1,108,78,4.46,True
automated_nangate_rs_encoder_decoder_latest_final_GF8Mult49.gml,35,37,8,8,8,0,10,2.11,True
automated_nangate_Aquarius_latest_final_cpu.gml,16128,38984,51,73,963,2127,3823,4.83,True
automated_nangate_cookbook_final_crc32_dat80_flat.gml,1803,3248,112,32,1142,0,1557,3.6,True
automated_nangate_mriscv_final_spi_axi_master.gml,2202,4303,42,113,0,294,195,3.91,False
automated_nangate_des_latest_final_key_sel3.gml,1840,4473,175,48,1,126,1041,4.86,True
automated_nangate_cookbook_final_scrambler.gml,4462,7734,515,512,765,334,1055,3.47,True
automated_nangate_pairing_latest_final_f32m_su.gml,3880,6402,776,388,0,194,776,3.3,False
automated_nangate_rs_encoder_decoder_latest_final_GF8SyndromBuffer.gml,500,1358,17,8,0,35,14,5.43,True
automated_nangate_turbo8051_latest_final_oc8051_memory_interfa.gml,1892,3984,199,123,52,198,240,4.21,False
automated_nangate_tiny_tate_bilinear_pairing_latest_final_tiny.gml,90446,228494,208,199,7,5258,3069,5.05,True
automated_nangate_Aquarius_latest_final_sasc_fifo4.gml,165,344,13,10,2,6,15,4.17,True
automated_nangate_rsencoder_latest_final_FF.gml,34,40,10,8,0,0,0,2.35,True
automated_nangate_cookbook_final_scale_up.gml,154,292,16,20,0,14,16,3.79,True
automated_nangate_mriscvcore_final_ALU.gml,2565,5688,111,36,75,350,551,4.44,True
automated_nangate_cookbook_final_gf_mult_by_88.gml,42,52,8,8,16,0,18,2.48,True
automated_nangate_cookbook_final_reed_sol_rx.gml,19196,44229,12,19,2326,1487,4608,4.61,False
automated_nangate_cookbook_final_tern_nod.gml,140,224,25,10,22,35,35,3.2,True
automated_nangate_cookbook_final_gf_mult_by_63.gml,45,58,8,8,14,0,21,2.58,True
automated_nangate_xge_mac_latest_final_generic_mem_small.gml,944,2162,42,32,0,11,8,4.58,True
automated_nangate_cookbook_final_gf_mult_by_c8.gml,37,42,8,8,10,0,13,2.27,True
automated_nangate_a-z80_latest_final_alu_select.gml,51,34,17,17,0,0,6,1.33,False
automated_nangate_cookbook_final_gf_mult_by_7a.gml,42,52,8,8,11,0,18,2.48,True
automated_nangate_cookbook_final_sboxes.gml,839,2243,48,32,0,235,196,5.35,False
automated_nangate_xge_mac_latest_final_rx_data_fifo.gml,17596,42442,78,75,46,251,163,4.82,True
automated_nangate_double_fpu_latest_final_fpu_add.gml,3982,8530,130,68,78,364,570,4.28,True
automated_nangate_cookbook_final_gf_mult_by_a2.gml,42,51,8,8,11,0,17,2.43,True
automated_nangate_minirisc_latest_final_prog_mem.gml,90447,226441,25,12,0,1915,4152,5.01,True
automated_nangate_sha_core_latest_final_sha256.gml,10476,25460,38,36,921,1441,2848,4.86,True
automated_nangate_iscas_final_c5315.gml,1209,2141,178,123,80,116,174,3.54,False
automated_nangate_gcm-aes_latest_final_aes_rco.gml,59,115,2,8,0,9,9,3.9,True
automated_nangate_cookbook_final_rgb_to_hu.gml,2916,7892,25,8,58,462,759,5.41,True
automated_nangate_RSA-Verilog-master_final_uart.gml,574,1379,12,21,19,103,131,4.8,True
automated_nangate_mriscvcore_final_MULT.gml,3954,8361,79,34,347,583,1275,4.23,True
automated_nangate_fpu_latest_final_pre_norm.gml,1272,2775,70,66,18,123,272,4.36,True
automated_nangate_cookbook_final_gearbox_40_66.gml,2434,6253,42,69,4,421,384,5.14,True
automated_nangate_ft816float_latest_final_fpMulnr.gml,6257,13861,69,36,567,1330,2023,4.43,True
automated_nangate_a-z80_latest_final_wait_stat.gml,13,16,3,2,0,1,0,2.46,True
automated_nangate_turbo8051_latest_final_s2f_sy.gml,10,14,3,1,0,0,1,2.8,True
automated_nangate_viterb_encoder_and_decoder_final_ACS.gml,145,258,22,10,21,21,47,3.56,True
automated_nangate_reed_solomon_decoder_latest_final_transport_in2out.gml,152,297,3,19,2,22,24,3.91,True
automated_nangate_gost28147-89_latest_final_gost89_round.gml,1870,2848,608,64,71,197,204,3.05,True
automated_nangate_ft816float_latest_final_i2f.gml,701,1521,37,32,27,95,153,4.34,True
automated_nangate_iscas_final_EO.gml,5,4,2,1,1,0,1,1.6,True
automated_nangate_openmsp430_latest_final_DE0_NANO_SOC_QSYS_jtag_uart.gml,161,205,8,36,3,16,16,2.55,False
automated_nangate_aes-encryption_latest_final_aes_rco.gml,78,147,2,16,0,27,9,3.77,True
automated_nangate_xge_mac_latest_final_stats_sm.gml,1196,2373,36,128,72,217,289,3.97,True
automated_nangate_cookbook_final_crc16_dat32_flat.gml,357,582,48,16,198,0,273,3.26,True
automated_nangate_rs_encoder_decoder_latest_final_GF8Mult88.gml,46,59,8,8,15,0,21,2.57,True
automated_nangate_rs_encoder_decoder_latest_final_GF8Mult138.gml,36,40,8,8,12,0,12,2.22,True
automated_nangate_rtf8088_latest_final_nmi_detector.gml,14,17,4,1,0,0,2,2.43,True
automated_nangate_Aquarius_latest_final_sys.gml,560,1043,75,48,23,49,76,3.73,True
automated_nangate_rs_encoder_decoder_latest_final_GF8Mult63.gml,44,56,8,8,14,0,20,2.55,True
automated_nangate_turbo8051_latest_final_spi_cor.gml,985,2238,45,39,5,59,116,4.54,True
automated_nangate_rs_encoder_decoder_latest_final_GF8Mult104.gml,43,54,8,8,13,0,19,2.51,True
automated_nangate_rs_encoder_decoder_latest_final_GF8Mult77.gml,44,56,8,8,12,0,20,2.55,True
automated_nangate_rs_encoder_decoder_latest_final_GF8Mult105.gml,42,52,8,8,16,0,18,2.48,True
automated_nangate_AES-T200_final_TSC.gml,338,387,30,64,9,0,11,2.29,True
automated_nangate_ft816float_latest_final_cntlo48.gml,234,373,48,6,0,16,45,3.19,True
automated_nangate_rs_encoder_decoder_latest_final_GF8Mult139.gml,38,44,8,8,14,0,14,2.32,True
automated_nangate_openmsp430_latest_final_omsp_sync_cell.gml,8,9,3,1,0,0,0,2.25,True
automated_nangate_AES-T100_final_table_lookup.gml,5061,13096,33,128,32,1596,1440,5.18,True
automated_nangate_m1_core_latest_final_m1_cpu.gml,13590,31536,230,305,48,2759,1341,4.64,False
automated_nangate_xge_mac_latest_final_rx_hold_fifo.gml,4548,10911,76,74,13,27,48,4.8,True
automated_nangate_cookbook_final_error_value_round.gml,1390,2935,81,80,208,179,644,4.22,True
automated_nangate_cookbook_final_crc32_dat120_flat.gml,2669,4802,152,32,1706,0,2285,3.6,True
automated_nangate_Lightweight-Threshold-Implementations-master_final_key_share_roundTI.gml,40,66,9,3,5,2,9,3.3,True
automated_nangate_reed_solomon_decoder_latest_final_GF_matrix_ascending_binary.gml,550,1397,10,8,3,116,86,5.08,True
automated_nangate_iscas_final_s820.gml,404,858,19,19,0,130,126,4.25,True
automated_nangate_aes_highthroughput_lowarea_latest_final_inv_byte_mix_columns.gml,224,308,32,8,116,0,116,2.75,True
automated_nangate_trigonometric_functions_in_double_fpu_latest_final_cotangent_lut.gml,1272,3324,34,64,0,508,470,5.23,True
automated_nangate_sha512-master_final_sha512_h_constants.gml,1163,1104,2,512,1,4,6,1.9,False
automated_nangate_rs_decoder_31_19_6_latest_final_fifo_register.gml,731,1510,11,5,0,320,0,4.13,True
automated_nangate_openmsp430_latest_final_ogfx_backend.gml,2107,4943,114,45,101,225,394,4.69,True
automated_nangate_cookbook_final_synchronizer.gml,130,238,20,16,0,0,0,3.66,True
automated_nangate_cookbook_final_clock_follow.gml,7,9,1,1,0,0,1,2.57,True
automated_nangate_a-z80_latest_final_bus_swit.gml,15,10,5,5,0,0,0,1.33,False
automated_nangate_viterb_encoder_and_decoder_final_bmc100.gml,14,15,2,4,1,1,2,2.14,True
automated_nangate_gng_latest_final_gng_smul_16_18.gml,2111,4460,35,34,316,493,928,4.23,True
automated_nangate_cookbook_final_gf_mult_by_60.gml,37,42,8,8,11,0,13,2.27,True
automated_nangate_cookbook_final_gf_mult_by_74.gml,42,52,8,8,13,0,18,2.48,True
automated_nangate_cookbook_final_pipeline_add_ms.gml,248,432,42,21,19,25,47,3.48,True
automated_nangate_cookbook_final_gf_mult_by_6f.gml,43,54,8,8,14,0,19,2.51,True
automated_nangate_cookbook_final_gf_mult_by_48.gml,41,50,8,8,13,0,17,2.44,True
automated_nangate_orsoc_graphics_accelerator_final_gfx_interp.gml,27966,63979,84,66,772,3336,5979,4.58,True
automated_nangate_cookbook_final_gf_mult_by_d8.gml,36,38,8,8,10,0,10,2.11,True
automated_nangate_8bit_vedic_multiplier_latest_final_ripple_adder_4bit.gml,39,50,9,5,8,8,12,2.56,True
automated_nangate_cookbook_final_gf_mult_by_ff.gml,43,54,8,8,14,0,19,2.51,True
automated_nangate_orsoc_graphics_accelerator_final_gfx_cuvz.gml,26127,55957,310,154,4357,7092,12093,4.28,True
automated_nangate_BLAKE_final_BLAKE_TOP.gml,18727,47006,21,17,1491,2734,4216,5.02,True
automated_nangate_m1_core_latest_final_ddr_rpat.gml,1071,2427,21,33,4,23,27,4.53,False
automated_nangate_hight_latest_final_SKG.gml,1117,2589,134,32,39,112,202,4.64,True
automated_nangate_cookbook_final_crc32c_dat32_flat.gml,938,1692,64,32,626,0,818,3.61,True
automated_nangate_cookbook_final_ecc_raw_data_64bit.gml,192,128,64,64,0,0,0,1.33,False
automated_nangate_rs_encoder_decoder_latest_final_GF8Mult214.gml,47,61,8,8,15,0,22,2.6,True
automated_nangate_rs_encoder_decoder_latest_final_GF8Mult228.gml,42,51,8,8,11,0,17,2.43,True
automated_nangate_Lightweight-Threshold-Implementations-master_final_TI_Simon_TopModul.gml,6804,14772,772,131,140,50,198,4.34,True
automated_nangate_cookbook_final_fec_rot_17.gml,158,181,32,32,38,0,55,2.29,True
automated_nangate_xge_mac_latest_final_meta_sy.gml,7,8,3,1,0,0,0,2.29,True
automated_nangate_cookbook_final_equal_const.gml,16,15,8,1,0,2,1,1.88,True
automated_nangate_xge_mac_latest_final_sync_clk_w.gml,89,157,12,10,8,0,14,3.53,True
automated_nangate_mem_ctrl_latest_final_mc_adr_sel.gml,807,1736,61,50,14,66,102,4.3,False
automated_nangate_rs_decoder_31_19_6_latest_final_degree2_cell.gml,38,52,8,5,2,5,2,2.74,True
automated_nangate_iscas_final_c1908.gml,240,407,33,25,47,25,87,3.39,True
automated_nangate_rs_encoder_decoder_latest_final_GF8Mult39.gml,44,56,8,8,14,0,20,2.55,True
automated_nangate_rs_encoder_decoder_latest_final_GF8Mult163.gml,46,59,8,8,15,0,21,2.57,True
automated_nangate_epfl_final_mem_ctrl.gml,32252,74480,1204,1231,128,3071,6150,4.62,False
automated_nangate_rs_encoder_decoder_latest_final_GF8Mult177.gml,40,48,8,8,14,0,16,2.4,True
automated_nangate_ca_prng_latest_final_ca_prng.gml,773,1772,45,32,0,127,58,4.58,True
automated_nangate_jt51_latest_final_jt51_nois.gml,894,1926,19,11,13,56,101,4.31,True
automated_nangate_rs_encoder_decoder_latest_final_GF8Mult188.gml,39,46,8,8,15,0,15,2.36,True
automated_nangate_edge_latest_final_regfil.gml,6134,14839,49,64,0,225,443,4.84,True
automated_nangate_cookbook_final_salt_to_bi.gml,148,286,16,12,22,16,38,3.86,False
automated_nangate_systemcaes_latest_final_keysched.gml,1187,2127,143,139,92,122,210,3.58,False
automated_nangate_cookbook_final_key_init_perm.gml,168,112,56,56,0,0,0,1.33,False
automated_nangate_cookbook_final_fec_rot_16.gml,151,168,32,32,37,0,49,2.23,True
automated_nangate_cookbook_final_passwd_crypt.gml,17057,47819,74,97,1337,3817,4682,5.61,False
automated_nangate_cookbook_final_min_max_signed.gml,131,241,18,16,6,4,21,3.68,True
automated_nangate_AES-T200_final_S.gml,603,1579,9,8,0,191,178,5.24,True
automated_nangate_aes_core_latest_final_aes_inv_cipher_top.gml,20935,52260,260,129,1300,4686,5488,4.99,True
automated_nangate_mriscv_final_flipflopRS.gml,18,24,4,2,0,1,1,2.67,True
automated_nangate_rs_encoder_decoder_latest_final_GF8Mult215.gml,45,57,8,8,15,0,20,2.53,True
automated_nangate_rs_encoder_decoder_latest_final_GF8Mult201.gml,38,44,8,8,14,0,14,2.32,True
automated_nangate_two_dimensional_fast_hartley_transform_latest_final_fht_bfly_noFF.gml,129,204,16,18,28,15,40,3.16,True
automated_nangate_turbo8051_latest_final_oc8051_comp.gml,33,36,20,1,0,4,5,2.18,True
automated_nangate_rsencoder_latest_final_GFMUL8.gml,230,418,16,8,107,62,128,3.63,True
automated_nangate_mips_16_latest_final_register_fil.gml,798,2077,28,32,0,101,170,5.21,True
automated_nangate_cookbook_final_sbox6.gml,102,280,6,4,0,28,23,5.49,True
automated_nangate_cookbook_final_gf_mult_by_f1.gml,45,57,8,8,14,0,20,2.53,True
automated_nangate_cookbook_final_little_sigma_1_512.gml,314,372,64,64,122,0,122,2.37,True
automated_nangate_cookbook_final_gf_mult_by_12.gml,41,49,8,8,11,0,16,2.39,True
automated_nangate_cookbook_final_reset_filter.gml,8,11,3,1,0,0,0,2.75,True
automated_nangate_cookbook_final_gf_mult_by_04.gml,34,32,8,8,6,0,6,1.88,False
automated_nangate_cookbook_final_gf_mult_by_10.gml,37,40,8,8,9,0,11,2.16,True
automated_nangate_tiny_tate_bilinear_pairing_latest_final_FSM.gml,687,1385,28,34,7,108,47,4.03,True
automated_nangate_iscas_final_s1494.gml,782,1525,9,19,0,354,204,3.9,True
automated_nangate_rs_encoder_decoder_latest_final_GF8lfsr.gml,40,72,3,8,3,0,3,3.6,True
automated_nangate_cookbook_final_gf_mult_by_38.gml,41,50,8,8,15,0,17,2.44,True
automated_nangate_cookbook_final_gf_mult_by_f3.gml,38,44,8,8,9,0,14,2.32,True
automated_nangate_sha512-master_final_sha512.gml,27109,67364,44,33,1917,4364,5362,4.97,True
automated_nangate_iscas_final_FD1S2.gml,13,13,5,2,0,2,0,2.0,True
automated_nangate_cookbook_final_inv_evolve_key_256.gml,3368,7256,264,256,136,816,884,4.31,False
automated_nangate_pairing_latest_final_func8.gml,5543,11799,200,194,0,1173,1173,4.26,True
automated_nangate_pairing_latest_final_f33m_mult3.gml,51145,109595,3494,1747,0,6816,6670,4.29,True
automated_nangate_cookbook_final_split_add.gml,186,275,40,20,29,30,49,2.96,True
automated_nangate_aes_core_latest_final_aes_inv_sbox.gml,615,1613,8,8,0,229,164,5.25,True
automated_nangate_Aquarius_latest_final_decod.gml,2050,4725,41,136,11,362,358,4.61,True
automated_nangate_cookbook_final_tx_4channel_arbiter.gml,8205,14073,2091,534,2,533,3122,3.43,True
automated_nangate_openmsp430_latest_final_altera_avalon_st_pipeline_bas.gml,82,148,12,10,0,0,2,3.61,True
automated_nangate_pairing_latest_final_f36m_cubi.gml,20439,41582,1165,1164,0,3330,3330,4.07,True
automated_nangate_rs_encoder_decoder_latest_final_GF8Mult203.gml,38,44,8,8,12,0,14,2.32,True
automated_nangate_openmsp430_latest_final_omsp_execution_unit.gml,3398,7897,178,72,46,268,637,4.65,True
automated_nangate_ecg_latest_final_f3_mult.gml,16,22,4,2,0,2,2,2.75,True
automated_nangate_aes_highthroughput_lowarea_latest_final_aes.gml,26179,55995,392,131,6601,1096,8416,4.28,True
automated_nangate_cookbook_final_fec_rot_14.gml,143,154,32,32,32,0,43,2.15,True
automated_nangate_turbo8051_latest_final_generic_register.gml,8,8,4,1,0,0,0,2.0,True
automated_nangate_apbtoaes128_latest_final_aes_cor.gml,7461,17899,61,97,525,627,1566,4.8,True
automated_nangate_rs_encoder_decoder_latest_final_GF8Mult12.gml,41,50,8,8,11,0,17,2.44,True
automated_nangate_rs_encoder_decoder_latest_final_GF8Mult175.gml,46,60,8,8,15,0,22,2.61,True
automated_nangate_tiny_aes_latest_final_expand_key_type_D_192.gml,3727,7954,201,320,104,764,816,4.27,True
automated_nangate_turbo8051_latest_final_generic_intr_stat_reg.gml,10,10,5,1,0,0,1,2.0,True
automated_nangate_rs_encoder_decoder_latest_final_GF8Mult148.gml,40,48,8,8,10,0,16,2.4,True
automated_nangate_numbert_sort_device_latest_final_VGA_Ctrl.gml,434,759,32,57,14,47,88,3.5,False
automated_nangate_gng_latest_final_gng_smul_16_18_sadd_37.gml,2564,5580,72,38,301,594,917,4.35,True
automated_nangate_rs_encoder_decoder_latest_final_GF8Mult174.gml,45,58,8,8,17,0,21,2.58,True
automated_nangate_dpll-isdn_latest_final_dpll.gml,289,673,2,5,15,48,87,4.66,True
automated_nangate_altor32_latest_final_so.gml,1538,3213,49,34,90,160,321,4.18,True
automated_nangate_cookbook_final_crc32_dat56_flat.gml,1357,2442,88,32,867,0,1173,3.6,True
automated_nangate_edge_latest_final_mult_unit.gml,7015,16118,64,64,757,1987,2890,4.6,True
automated_nangate_ft816float_latest_final_cntlz64Reg.gml,274,497,66,7,0,23,69,3.63,True
automated_nangate_cookbook_final_fec_rot_15.gml,147,160,32,32,34,0,45,2.18,True
automated_nangate_csa_latest_final_block_perm.gml,24,16,8,8,0,0,0,1.33,False
automated_nangate_cookbook_final_passwd_to_bi.gml,184,120,56,64,0,0,0,1.3,False
automated_nangate_m1_core_latest_final_m1_cor.gml,19486,46570,35,71,236,3707,2899,4.78,True
automated_nangate_AES-T1000_final_lfsr_counter.gml,138,218,23,20,1,0,3,3.16,True
automated_nangate_orsoc_graphics_accelerator_final_gfx_triangl.gml,21128,47347,196,130,2540,4870,8044,4.48,True
automated_nangate_rs_encoder_decoder_latest_final_GF8Mult202.gml,39,45,8,8,11,0,14,2.31,True
automated_nangate_iscas_final_s9234.gml,3544,4955,29,39,0,792,285,2.8,False
automated_nangate_iscas_final_ND4.gml,7,6,4,1,0,1,0,1.71,True
automated_nangate_turbo8051_latest_final_oc8051_ram_top.gml,7916,19674,29,9,3,204,438,4.97,True
automated_nangate_mriscv_final_latchW_axi.gml,25,34,6,3,0,0,3,2.72,True
automated_nangate_Aquarius_latest_final_rom.gml,1832,4755,13,32,1,507,646,5.19,True
automated_nangate_cookbook_final_adder_tree_nod.gml,173,265,33,17,13,20,45,3.06,True
automated_nangate_pairing_latest_final_f33m_mult2.gml,47090,102624,2330,1165,0,7980,6669,4.36,True
automated_nangate_cookbook_final_gf_mult_by_f2.gml,47,61,8,8,15,0,22,2.6,True
automated_nangate_present_encryptor_latest_final_sub_per.gml,496,944,64,64,32,32,48,3.81,False
automated_nangate_cookbook_final_gf_mult_by_fd.gml,46,60,8,8,18,0,22,2.61,True
automated_nangate_a-z80_latest_final_interrupts.gml,54,83,12,5,0,4,5,3.07,True
automated_nangate_altor32_latest_final_cpu_if.gml,10168,24715,106,265,127,1014,1436,4.86,False
automated_nangate_reed_solomon_codec_generator_latest_final_RsDecodeChi.gml,8532,19262,541,14,1556,889,3259,4.52,True
automated_nangate_mriscv_final_latchW_ap.gml,25,34,6,3,0,0,3,2.72,True
automated_nangate_edge_latest_final_alu.gml,3907,8619,68,34,406,1057,1499,4.41,True
automated_nangate_turbo8051_latest_final_oc8051_ram_256x8_two_bist.gml,7816,19466,28,8,3,445,239,4.98,True
automated_nangate_rs_encoder_decoder_latest_final_RS8FreqDecod.gml,33943,75702,11,10,7076,3912,11528,4.46,True
automated_nangate_gost28147-89_latest_final_gost89_ma.gml,3180,5536,835,33,93,361,341,3.48,True
automated_nangate_iscas_final_s5378.gml,3105,4681,36,49,0,0,1004,3.02,True
automated_nangate_turbo8051_latest_final_oc8051_t.gml,679,1567,27,42,18,92,152,4.62,True
automated_nangate_cookbook_final_fec_rot_11.gml,132,136,32,32,34,0,36,2.06,True
automated_nangate_AES-T1000_final_T.gml,1264,3272,9,32,8,399,360,5.18,True
automated_nangate_xge_mac_latest_final_generic_mem_medium.gml,944,2162,42,32,0,11,8,4.58,True
automated_nangate_edge_latest_final_shifter_decoder.gml,19,22,6,3,0,0,3,2.32,True
automated_nangate_fpga-median_latest_final_common_network.gml,1092,2136,96,96,72,60,312,3.91,False
automated_nangate_mips_16_latest_final_ID_stag.gml,409,692,51,76,0,17,26,3.38,True
automated_nangate_rs_encoder_decoder_latest_final_GF8Mult17.gml,44,56,8,8,14,0,20,2.55,True
automated_nangate_cookbook_final_rx_buffer_fifo_2.gml,4524,9754,404,402,3,4,11,4.31,True
automated_nangate_openmsp430_latest_final_cyclonev_io_ibuf.gml,3,2,1,1,0,0,0,1.33,True
automated_nangate_AES-T100_final_expand_key_128.gml,3522,7813,137,256,232,764,944,4.44,True
automated_nangate_cookbook_final_reg_word_mux.gml,459,710,133,32,0,0,32,3.09,True
automated_nangate_cookbook_final_arbiter.gml,227,391,32,16,11,29,67,3.44,True
automated_nangate_trigonometric_functions_in_double_fpu_latest_final_top.gml,8411,23356,37,64,137,3267,3247,5.55,True
automated_nangate_16x2_lcd_display_driver_latest_final_lcd_16x2_8bit.gml,172,362,12,11,0,18,31,4.21,True
automated_nangate_m1_core_latest_final_ddr_pulse78.gml,44,108,2,1,2,4,16,4.91,True
automated_nangate_reed_solomon_codec_generator_latest_final_RsEncodeTop.gml,1148,2600,12,8,190,204,390,4.53,True
automated_nangate_cookbook_final_fec_rot_10.gml,130,131,32,32,31,0,33,2.02,True
automated_nangate_cookbook_final_pn2112_tabl.gml,512,1290,7,32,0,212,144,5.04,True
automated_nangate_aes_highthroughput_lowarea_latest_final_shift_rows.gml,384,256,128,128,0,0,0,1.33,False
automated_nangate_m1_core_latest_final_async_fifo.gml,552,1332,13,10,4,34,23,4.83,False
automated_nangate_cookbook_final_font_rom.gml,2504,6785,12,24,0,667,756,5.42,False
automated_nangate_mem_ctrl_latest_final_mc_cs_rf_dummy.gml,136,68,0,68,0,0,0,1.0,False
automated_nangate_viterb_encoder_and_decoder_final_bmc000.gml,14,15,2,4,1,1,2,2.14,True
automated_nangate_orsoc_graphics_accelerator_final_gfx_wbm_writ.gml,232,158,71,78,0,0,2,1.36,False
automated_nangate_rs_encoder_decoder_latest_final_GF8Mult207.gml,40,47,8,8,15,0,15,2.35,True
automated_nangate_iscas_final_s713.gml,498,679,36,23,0,122,17,2.73,False
automated_nangate_cookbook_final_inv_mix_columns.gml,1520,2488,128,128,840,0,1096,3.27,False
automated_nangate_openmsp430_latest_final_dac_spi_if.gml,171,301,2,27,2,6,18,3.52,False
automated_nangate_csa_latest_final_group_decrypt.gml,52663,129110,581,65,4032,17270,14979,4.9,True
automated_nangate_cookbook_final_gf_mult_by_14.gml,38,44,8,8,12,0,14,2.32,True
automated_nangate_cookbook_final_gf_mult_by_fa.gml,42,51,8,8,11,0,17,2.43,True
automated_nangate_openmsp430_latest_final_openGFX430.gml,12471,30251,76,102,582,1775,2652,4.85,True
automated_nangate_AES-T1000_final_table_lookup.gml,5061,13096,33,128,32,1596,1440,5.18,True
automated_nangate_cookbook_final_gf_mult_by_.gml,43,54,8,8,12,0,19,2.51,True
automated_nangate_cookbook_final_gf_mult_by_0d.gml,44,56,8,8,15,0,20,2.55,True
automated_nangate_ecg_latest_final_point_add.gml,71138,157483,780,390,167,11040,12023,4.43,True
automated_nangate_ft816float_latest_final_fpLOOUnit.gml,1559,3720,49,33,51,248,281,4.77,True
automated_nangate_cookbook_final_gf_mult_by_02.gml,32,27,8,8,3,0,3,1.69,False
automated_nangate_sha256-master_final_sha256_w_mem.gml,4280,9719,516,32,260,653,620,4.54,True
automated_nangate_8bit_vedic_multiplier_latest_final_vedic2x2.gml,20,24,4,4,2,6,2,2.4,True
automated_nangate_edge_latest_final_mux2.gml,166,165,65,32,0,0,0,1.99,True
automated_nangate_cookbook_final_mix_columns.gml,856,1192,128,128,332,0,464,2.79,False
automated_nangate_cookbook_final_sbox2.gml,126,337,6,4,0,32,44,5.35,True
automated_nangate_pairing_latest_final_f3m_i.gml,12490,26614,196,195,0,1586,1582,4.26,True
automated_nangate_i2c_latest_final_i2c_master_byte_ctrl.gml,692,1593,35,16,15,99,147,4.6,False
automated_nangate_iscas_final_ND3.gml,6,5,3,1,0,1,0,1.67,True
automated_nangate_aes-128_pipelined_encryption_latest_final_SBox.gml,611,1594,11,8,0,171,232,5.22,True
automated_nangate_rs_encoder_decoder_latest_final_GF8Mult239.gml,42,52,8,8,15,0,18,2.48,True
automated_nangate_csa_latest_final_single_block_decyper.gml,897,1902,72,64,48,266,187,4.24,False
automated_nangate_m1_core_latest_final_wb_int_ctrl.gml,114,112,34,34,0,3,9,1.96,False
automated_nangate_apbtoaes128_latest_final_aes_ip.gml,7658,18607,41,38,526,669,1644,4.86,False
automated_nangate_pairing_latest_final_f3m_mux3.gml,1595,1980,585,194,0,0,0,2.48,True
automated_nangate_signed_integer_divider_latest_final_shift_15.gml,296,523,47,32,0,14,12,3.53,True
automated_nangate_openmsp430_latest_final_ogfx_backend_frame_fifo.gml,1436,3276,84,35,98,166,307,4.56,True
automated_nangate_aes_highthroughput_lowarea_latest_final_aes_top_exampl.gml,26734,58636,45,35,6618,1146,8494,4.39,True
automated_nangate_fpu_latest_final_div_r2.gml,12893,31622,75,100,1276,2145,4620,4.91,True
automated_nangate_cookbook_final_fec_rot_12.gml,138,147,32,32,32,0,41,2.13,True
automated_nangate_apbtoaes128_latest_final_shift_rows.gml,640,512,128,256,0,0,0,1.6,False
automated_nangate_aes_highthroughput_lowarea_latest_final_key_exp.gml,4909,10728,261,71,582,399,1316,4.37,True
automated_nangate_cookbook_final_error_loc_poly_roots.gml,398,487,72,73,132,2,155,2.45,True
automated_nangate_iscas_final_DFF.gml,5,4,2,1,0,0,0,1.6,True
automated_nangate_ft816float_latest_final_cntlo16.gml,80,120,16,5,0,5,15,3.0,True
automated_nangate_cookbook_final_round.gml,1199,2611,120,120,80,235,276,4.36,False
automated_nangate_rs_encoder_decoder_latest_final_GF8Mult173.gml,48,62,8,8,17,0,22,2.58,True
automated_nangate_turbo8051_latest_final_toggle_sy.gml,19,27,6,1,1,1,5,2.84,True
automated_nangate_rs_encoder_decoder_latest_final_GF8Mult14.gml,40,48,8,8,16,0,16,2.4,True
automated_nangate_rs_encoder_decoder_latest_final_GF8Mult15.gml,43,52,8,8,12,0,17,2.42,True
automated_nangate_rs_encoder_decoder_latest_final_GF8Mult166.gml,47,62,8,8,12,0,23,2.64,True
automated_nangate_rs_encoder_decoder_latest_final_GF8Mult172.gml,48,63,8,8,16,0,23,2.62,True
automated_nangate_AES-T100_final_S.gml,603,1579,9,8,0,191,178,5.24,True
automated_nangate_pairing_latest_final_f3_mult.gml,16,22,4,2,0,2,2,2.75,True
automated_nangate_cookbook_final_descrambler.gml,4999,8300,515,512,512,20,1516,3.32,True
automated_nangate_cookbook_final_scrambler_lfsr.gml,606,1134,63,66,77,5,197,3.74,True
automated_nangate_Lightweight-Threshold-Implementations-master_final_key_schedule_modified3_simon_parallel.gml,325,734,11,1,1,4,7,4.52,True
automated_nangate_rs_encoder_decoder_latest_final_GF8Mult199.gml,41,50,8,8,14,0,17,2.44,True
automated_nangate_a-z80_latest_final_alu_mux_8.gml,20,23,11,1,0,0,0,2.3,True
automated_nangate_fixed_point_arithmetic_parameterized_latest_final_qmult.gml,7321,16465,64,32,1055,2170,2892,4.5,True
automated_nangate_hight_latest_final_WKG.gml,168,167,66,32,1,0,1,1.99,True
automated_nangate_cookbook_final_fec_rot_13.gml,143,154,32,32,36,0,43,2.15,True
automated_nangate_des_latest_final_key_sel.gml,872,2323,61,48,4,48,16,5.33,True
automated_nangate_turbo8051_latest_final_oc8051_a.gml,166,313,31,9,7,22,21,3.77,True
automated_nangate_8bit_vedic_multiplier_latest_final_vedic8x8.gml,611,1047,16,16,224,258,305,3.43,True
automated_nangate_rs_encoder_decoder_latest_final_GF8Mult204.gml,38,44,8,8,9,0,14,2.32,True
automated_nangate_turbo8051_latest_final_g_rx_fsm.gml,1295,3023,38,38,91,211,322,4.67,True
automated_nangate_Lightweight-Threshold-Implementations-master_final_datapath_shar.gml,331,750,10,2,2,3,4,4.53,True
automated_nangate_iscas_final_FDMASK.gml,7,6,3,1,0,1,0,1.71,True
automated_nangate_cookbook_final_little_sigma_0_512.gml,313,370,64,64,121,0,121,2.36,True
automated_nangate_cookbook_final_reed_sol_tx.gml,1412,2963,12,10,321,136,550,4.2,True
automated_nangate_cookbook_final_sbox3.gml,93,256,6,4,0,32,13,5.51,True
automated_nangate_apbtoaes128_latest_final_sBox_8.gml,225,412,10,16,56,20,118,3.66,True
automated_nangate_cookbook_final_gf_mult_by_03.gml,34,36,8,8,10,0,10,2.12,True
automated_nangate_cookbook_final_gf_mult_by_e8.gml,41,50,8,8,17,0,17,2.44,True
automated_nangate_cookbook_final_gf_mult_by_17.gml,44,56,8,8,10,0,20,2.55,True
automated_nangate_cookbook_final_gf_mult_by_f4.gml,38,44,8,8,12,0,14,2.32,True
automated_nangate_xge_mac_latest_final_sync_clk_xgmii_tx.gml,17,24,5,3,0,0,0,2.82,True
automated_nangate_cookbook_final_gf_mult_by_1a.gml,40,48,8,8,14,0,16,2.4,True
