filepath,num_nodes,num_edges,num_labeled_nodes,num_unlabeled_nodes,boundary_1_count,boundary_1_ratio_total,boundary_1_ratio_labeled,num_unique_partitions,graph_density,num_louvain_communities,Family,Design,Library,Nodes,BR,PR-AUC
graphs_final/crypto_graphs_final/aes-encryption_latest/gscl45nm/aes_cipher_top_combined_m1.gml,45418,93678,44616,802,2153,0.047404112906777,0.0482562309485386,39,4.5414146899729945e-05,41,aes-encryption_latest,aes_cipher_top,gscl45nm,45418.0,0.05,0.79
graphs_final/crypto_graphs_final/aes-encryption_latest/gscl45nm/aes_key_expand_128_combined_m1.gml,9578,19357,9194,384,351,0.0366464815201503,0.0381770720034805,11,0.0002110249130188,10,aes-encryption_latest,aes_key_expand_128,gscl45nm,9578.0,0.04,0.51
graphs_final/crypto_graphs_final/aes-encryption_latest/nangate/aes_cipher_top_combined_m1.gml,25541,78155,24875,666,1989,0.0778747895540503,0.0799597989949748,42,0.000119811354336,41,aes-encryption_latest,aes_cipher_top,nangate,25541.0,0.08,0.84
graphs_final/crypto_graphs_final/aes-encryption_latest/nangate/aes_key_expand_128_combined_m1.gml,5610,16328,5226,384,354,0.0631016042780748,0.0677382319173364,11,0.0005189012184072,9,aes-encryption_latest,aes_key_expand_128,nangate,5610.0,0.07,0.33
graphs_final/crypto_graphs_final/aes-encryption_latest/osu035/aes_cipher_top_combined_m1.gml,37639,96702,36808,831,3226,0.0857089720768352,0.0876439904368615,41,6.82607163956468e-05,45,aes-encryption_latest,aes_cipher_top,osu035,37639.0,0.09,0.74
graphs_final/crypto_graphs_final/aes-encryption_latest/osu035/aes_key_expand_128_combined_m1.gml,8095,20162,7711,384,467,0.0576899320568252,0.0605628323174685,11,0.0003077184649241,20,aes-encryption_latest,aes_key_expand_128,osu035,8095.0,0.06,0.47
graphs_final/crypto_graphs_final/aes_core/gscl45nm/aes_cipher_top_combined_m1.gml,23876,48915,23487,389,1674,0.0701122466074719,0.0712734704304508,24,8.580984300210775e-05,21,aes_core,aes_cipher_top,gscl45nm,23876.0,0.07,0.73
graphs_final/crypto_graphs_final/aes_core/gscl45nm/aes_inv_cipher_top_combined_m1.gml,30973,63970,30588,385,1551,0.0500758725341426,0.0507061592781483,24,6.66843354616071e-05,24,aes_core,aes_inv_cipher_top,gscl45nm,30973.0,0.05,0.5
graphs_final/crypto_graphs_final/aes_core/gscl45nm/aes_key_expand_128_combined_m1.gml,5144,10345,4887,257,207,0.0402410575427682,0.0423572744014733,7,0.0003910326406606,6,aes_core,aes_key_expand_128,gscl45nm,5144.0,0.04,0.71
graphs_final/crypto_graphs_final/aes_core/nangate/aes_cipher_top_combined_m1.gml,13717,40880,13328,389,2022,0.1474083254355908,0.1517106842737094,24,0.0002172822611165,21,aes_core,aes_cipher_top,nangate,13717.0,0.15,0.69
graphs_final/crypto_graphs_final/aes_core/nangate/aes_inv_cipher_top_combined_m1.gml,19531,55991,19146,385,3238,0.1657877220828426,0.1691214875169748,24,0.0001467883202627,23,aes_core,aes_inv_cipher_top,nangate,19531.0,0.17,0.33
graphs_final/crypto_graphs_final/aes_core/nangate/aes_key_expand_128_combined_m1.gml,3168,8853,2911,257,263,0.0830176767676767,0.0903469598076262,7,0.0008823831941135,6,aes_core,aes_key_expand_128,nangate,3168.0,0.09,0.84
graphs_final/crypto_graphs_final/aes_core/osu035/aes_cipher_top_combined_m1.gml,21388,53856,20951,437,2806,0.1311950626519543,0.1339315545797336,24,0.0001177372938361,30,aes_core,aes_cipher_top,osu035,21388.0,0.13,0.75
graphs_final/crypto_graphs_final/aes_core/osu035/aes_inv_cipher_top_combined_m1.gml,30768,77855,30375,393,1825,0.0593148725949038,0.0600823045267489,24,8.224359591603412e-05,26,aes_core,aes_inv_cipher_top,osu035,30768.0,0.06,0.47
graphs_final/crypto_graphs_final/aes_core/osu035/aes_key_expand_128_combined_m1.gml,4953,12026,4696,257,347,0.070058550373511,0.073892674616695,7,0.0004903116761206,28,aes_core,aes_key_expand_128,osu035,4953.0,0.07,0.65
graphs_final/crypto_graphs_final/des_latest/gscl45nm/crp_combined_m1.gml,1518,2848,1406,112,80,0.0527009222661396,0.0568990042674253,9,0.001236752032086,8,des_latest,crp,gscl45nm,1518.0,0.06,1.0
graphs_final/crypto_graphs_final/des_latest/gscl45nm/des3_combined_m1.gml,4739,8969,4404,335,447,0.0943236969824857,0.1014986376021798,12,0.0003994498467981,13,des_latest,des3,gscl45nm,4739.0,0.1,0.31
graphs_final/crypto_graphs_final/des_latest/gscl45nm/des_combined_m1.gml,3035,6054,2814,221,467,0.1538714991762767,0.165955934612651,11,0.0006574581975393,11,des_latest,des,gscl45nm,3035.0,0.17,0.5
graphs_final/crypto_graphs_final/des_latest/nangate/crp_combined_m1.gml,909,2471,797,112,80,0.088008800880088,0.1003764115432873,9,0.0029938015828014,8,des_latest,crp,nangate,909.0,0.1,1.0
graphs_final/crypto_graphs_final/des_latest/nangate/des3_combined_m1.gml,2850,7594,2515,335,580,0.2035087719298245,0.2306163021868787,12,0.0009352619878935,12,des_latest,des3,nangate,2850.0,0.23,0.6
graphs_final/crypto_graphs_final/des_latest/nangate/des_combined_m1.gml,1788,5043,1567,221,432,0.2416107382550335,0.2756860242501595,11,0.00157832669203,11,des_latest,des,nangate,1788.0,0.28,0.21
graphs_final/crypto_graphs_final/des_latest/osu035/crp_combined_m1.gml,1357,3048,1149,208,80,0.0589535740604274,0.0696257615317667,10,0.0016564389171845,8,des_latest,crp,osu035,1357.0,0.07,0.88
graphs_final/crypto_graphs_final/des_latest/osu035/des3_combined_m1.gml,3874,9109,3507,367,599,0.1546205472379969,0.1708012546335899,13,0.000607104691135,12,des_latest,des3,osu035,3874.0,0.17,0.37
graphs_final/crypto_graphs_final/des_latest/osu035/des_combined_m1.gml,2831,6735,2578,253,751,0.2652772871776757,0.291311093871218,11,0.0008406424080691,11,des_latest,des,osu035,2831.0,0.29,0.58
graphs_final/crypto_graphs_final/ecg_latest/osu035/f3m_inv_combined_m1.gml,12472,28263,12076,396,6281,0.5036080821039127,0.5201225571381252,16,0.0001817108571938,125,ecg_latest,f3m_inv,osu035,12472.0,0.52,0.63
graphs_final/crypto_graphs_final/ecg_latest/osu035/f3m_mult3_combined_m1.gml,16028,30788,13497,2531,7063,0.4406663339156476,0.5233014744017189,300,0.000119853275424,136,ecg_latest,f3m_mult3,osu035,16028.0,0.52,0.56
graphs_final/crypto_graphs_final/ecg_latest/osu035/f3m_mult_combined_m1.gml,10952,22186,9974,978,4226,0.3858655953250547,0.4237016242229797,296,0.000184982989836,40,ecg_latest,f3m_mult,osu035,10952.0,0.42,0.51
graphs_final/crypto_graphs_final/ecg_latest/osu035/f3m_nine_combined_m1.gml,3223,6742,2797,426,1367,0.4241390009308098,0.4887379335001787,150,0.0006492364682537,25,ecg_latest,f3m_nine,osu035,3223.0,0.49,0.63
graphs_final/crypto_graphs_final/ecg_latest/osu035/func10_combined_m1.gml,29141,64074,27307,1834,9249,0.3173878727565972,0.3387043615190244,104,7.545496787835125e-05,130,ecg_latest,func10,osu035,29141.0,0.34,0.52
graphs_final/crypto_graphs_final/ecg_latest/osu035/func11_combined_m1.gml,45731,99681,42711,3020,18299,0.4001443222321839,0.4284376390157102,406,4.766509759629687e-05,124,ecg_latest,func11,osu035,45731.0,0.43,0.63
graphs_final/crypto_graphs_final/gcm-aes_latest/gscl45nm/aes_cipher_top_combined_m1.gml,23851,48869,23462,389,1698,0.0711919835646304,0.0723723467735061,24,8.590896293876194e-05,21,gcm-aes_latest,aes_cipher_top,gscl45nm,23851.0,0.07,0.72
graphs_final/crypto_graphs_final/gcm-aes_latest/gscl45nm/aes_key_expand_128_combined_m1.gml,5119,10297,4863,256,231,0.0451260011721039,0.0475015422578655,7,0.0003930296382592,7,gcm-aes_latest,aes_key_expand_128,gscl45nm,5119.0,0.05,0.54
graphs_final/crypto_graphs_final/gcm-aes_latest/gscl45nm/gcm_aes_v0_combined_m1.gml,36087,75462,35694,393,4849,0.1343697176268462,0.1358491623242001,26,5.794804476077085e-05,26,gcm-aes_latest,gcm_aes_v0,gscl45nm,36087.0,0.14,0.33
graphs_final/crypto_graphs_final/gcm-aes_latest/nangate/aes_cipher_top_combined_m1.gml,13619,40660,13231,388,2022,0.1484690505910859,0.1528229158793742,24,0.0002192344628034,21,gcm-aes_latest,aes_cipher_top,nangate,13619.0,0.15,0.69
graphs_final/crypto_graphs_final/gcm-aes_latest/nangate/aes_key_expand_128_combined_m1.gml,3071,8637,2815,256,263,0.085639856724194,0.0934280639431616,7,0.0009161038908694,6,gcm-aes_latest,aes_key_expand_128,nangate,3071.0,0.09,0.69
graphs_final/crypto_graphs_final/gcm-aes_latest/nangate/gcm_aes_v0_combined_m1.gml,23903,65116,23505,398,5669,0.2371668828180563,0.2411827270793448,27,0.0001139727588303,28,gcm-aes_latest,gcm_aes_v0,nangate,23903.0,0.24,0.34
graphs_final/crypto_graphs_final/gcm-aes_latest/osu035/aes_cipher_top_combined_m1.gml,21071,53110,20634,437,2806,0.133168810213089,0.1359891441310458,24,0.0001196262857714,27,gcm-aes_latest,aes_cipher_top,osu035,21071.0,0.14,0.75
graphs_final/crypto_graphs_final/gcm-aes_latest/osu035/aes_key_expand_128_combined_m1.gml,4640,11282,4384,256,347,0.0747844827586207,0.0791514598540146,7,0.0005241357010651,29,gcm-aes_latest,aes_key_expand_128,osu035,4640.0,0.08,0.72
graphs_final/crypto_graphs_final/gcm-aes_latest/osu035/gcm_aes_v0_combined_m1.gml,35160,85763,34599,561,6250,0.1777588168373151,0.1806410589901442,27,6.93768510295226e-05,27,gcm-aes_latest,gcm_aes_v0,osu035,35160.0,0.18,0.4
graphs_final/crypto_graphs_final/gost28147-89_latest/gscl45nm/gost89_cfb_combined_m1.gml,4852,7898,3892,960,684,0.1409727947238252,0.1757451181911613,12,0.0003355560415977,42,gost28147-89_latest,gost89_cfb,gscl45nm,4852.0,0.18,0.24
graphs_final/crypto_graphs_final/gost28147-89_latest/gscl45nm/gost89_cfb_decrypt_combined_m1.gml,4532,7389,3636,896,554,0.1222418358340688,0.1523652365236523,12,0.0003598335912083,34,gost28147-89_latest,gost89_cfb_decrypt,gscl45nm,4532.0,0.15,0.26
graphs_final/crypto_graphs_final/gost28147-89_latest/gscl45nm/gost89_cfb_encrypt_combined_m1.gml,4471,7271,3575,896,682,0.152538581972713,0.1907692307692307,12,0.0003638161315001,27,gost28147-89_latest,gost89_cfb_encrypt,gscl45nm,4471.0,0.19,0.36
graphs_final/crypto_graphs_final/gost28147-89_latest/gscl45nm/gost89_ecb_combined_m1.gml,4170,6687,3274,896,528,0.1266187050359712,0.1612706169822846,11,0.0003846479065248,22,gost28147-89_latest,gost89_ecb,gscl45nm,4170.0,0.16,0.32
graphs_final/crypto_graphs_final/gost28147-89_latest/gscl45nm/gost89_ecb_decrypt_combined_m1.gml,3550,5429,2654,896,484,0.136338028169014,0.1823662396382818,11,0.00043090892495,19,gost28147-89_latest,gost89_ecb_decrypt,gscl45nm,3550.0,0.18,0.43
graphs_final/crypto_graphs_final/gost28147-89_latest/gscl45nm/gost89_ecb_encrypt_combined_m1.gml,3557,5441,2661,896,484,0.1360697216755693,0.1818865088312664,11,0.0004301630555949,14,gost28147-89_latest,gost89_ecb_encrypt,gscl45nm,3557.0,0.18,0.4
graphs_final/crypto_graphs_final/gost28147-89_latest/gscl45nm/gost89_mac_combined_m1.gml,3769,5871,2905,864,614,0.1629079331387636,0.2113597246127366,11,0.0004134043563566,18,gost28147-89_latest,gost89_mac,gscl45nm,3769.0,0.21,0.45
graphs_final/crypto_graphs_final/gost28147-89_latest/gscl45nm/gost89_pipelined_ecb_decrypt_combined_m1.gml,50017,97792,48230,1787,7208,0.1441110022592318,0.1494505494505494,268,3.909099568974444e-05,18,gost28147-89_latest,gost89_pipelined_ecb_decrypt,gscl45nm,50017.0,0.15,0.78
graphs_final/crypto_graphs_final/gost28147-89_latest/gscl45nm/gost89_pipelined_ecb_encrypt_combined_m1.gml,50017,97792,48230,1787,7208,0.1441110022592318,0.1494505494505494,268,3.909099568974444e-05,20,gost28147-89_latest,gost89_pipelined_ecb_encrypt,gscl45nm,50017.0,0.15,0.78
graphs_final/crypto_graphs_final/gost28147-89_latest/nangate/gost89_cfb_combined_m1.gml,3611,6900,2714,897,1013,0.280531708667959,0.373249815770081,13,0.0005293152425146,16,gost28147-89_latest,gost89_cfb,nangate,3611.0,0.37,0.77
graphs_final/crypto_graphs_final/gost28147-89_latest/nangate/gost89_cfb_decrypt_combined_m1.gml,3546,6642,2649,897,1076,0.3034404963338973,0.4061910154775387,13,0.0005283769948379,14,gost28147-89_latest,gost89_cfb_decrypt,nangate,3546.0,0.41,0.78
graphs_final/crypto_graphs_final/gost28147-89_latest/nangate/gost89_cfb_encrypt_combined_m1.gml,3608,6630,2711,897,951,0.2635809312638581,0.350793065289561,13,0.0005094491678843,17,gost28147-89_latest,gost89_cfb_encrypt,nangate,3608.0,0.35,0.85
graphs_final/crypto_graphs_final/gost28147-89_latest/nangate/gost89_ecb_combined_m1.gml,3350,6184,2454,896,967,0.2886567164179104,0.3940505297473513,11,0.0005512004028825,19,gost28147-89_latest,gost89_ecb,nangate,3350.0,0.39,0.82
graphs_final/crypto_graphs_final/gost28147-89_latest/nangate/gost89_ecb_decrypt_combined_m1.gml,2943,4994,2047,896,934,0.3173632347944274,0.4562774792379091,11,0.0005767871913974,13,gost28147-89_latest,gost89_ecb_decrypt,nangate,2943.0,0.46,0.83
graphs_final/crypto_graphs_final/gost28147-89_latest/nangate/gost89_ecb_encrypt_combined_m1.gml,2893,5017,1997,896,806,0.2786035257518147,0.4036054081121683,11,0.00059964936588,14,gost28147-89_latest,gost89_ecb_encrypt,nangate,2893.0,0.4,0.83
graphs_final/crypto_graphs_final/gost28147-89_latest/nangate/gost89_mac_combined_m1.gml,3132,5578,2268,864,1150,0.3671775223499361,0.5070546737213404,11,0.0005688184687953,19,gost28147-89_latest,gost89_mac,nangate,3132.0,0.51,0.84
graphs_final/crypto_graphs_final/gost28147-89_latest/nangate/gost89_pipelined_ecb_decrypt_combined_m1.gml,39329,91104,37198,2131,16248,0.4131302601134023,0.4367976772944782,182,5.890100165011766e-05,15,gost28147-89_latest,gost89_pipelined_ecb_decrypt,nangate,39329.0,0.44,0.95
graphs_final/crypto_graphs_final/gost28147-89_latest/nangate/gost89_pipelined_ecb_encrypt_combined_m1.gml,39329,91104,37198,2131,16248,0.4131302601134023,0.4367976772944782,182,5.890100165011766e-05,16,gost28147-89_latest,gost89_pipelined_ecb_encrypt,nangate,39329.0,0.44,0.95
graphs_final/crypto_graphs_final/gost28147-89_latest/osu035/gost89_cfb_combined_m1.gml,4293,8229,3365,928,890,0.2073142324714652,0.2644873699851411,12,0.0004466079612468,22,gost28147-89_latest,gost89_cfb,osu035,4293.0,0.26,0.65
graphs_final/crypto_graphs_final/gost28147-89_latest/osu035/gost89_cfb_decrypt_combined_m1.gml,4030,7522,3102,928,763,0.1893300248138957,0.2459703417150225,12,0.000463266627127,19,gost28147-89_latest,gost89_cfb_decrypt,osu035,4030.0,0.25,0.55
graphs_final/crypto_graphs_final/gost28147-89_latest/osu035/gost89_cfb_encrypt_combined_m1.gml,4076,7543,3148,928,761,0.186702649656526,0.2417407878017789,12,0.0004541322239414,16,gost28147-89_latest,gost89_cfb_encrypt,osu035,4076.0,0.24,0.64
graphs_final/crypto_graphs_final/gost28147-89_latest/osu035/gost89_ecb_combined_m1.gml,3853,7102,2957,896,878,0.227874383597197,0.2969225566452486,11,0.0004785148064689,15,gost28147-89_latest,gost89_ecb,osu035,3853.0,0.3,0.73
graphs_final/crypto_graphs_final/gost28147-89_latest/osu035/gost89_ecb_decrypt_combined_m1.gml,3197,5541,2301,896,740,0.2314670003127932,0.3215993046501521,11,0.0005422989246411,14,gost28147-89_latest,gost89_ecb_decrypt,osu035,3197.0,0.32,0.7
graphs_final/crypto_graphs_final/gost28147-89_latest/osu035/gost89_ecb_encrypt_combined_m1.gml,3187,5515,2291,896,740,0.2321932852212111,0.3230030554343082,11,0.0005431473710977,17,gost28147-89_latest,gost89_ecb_encrypt,osu035,3187.0,0.32,0.7
graphs_final/crypto_graphs_final/gost28147-89_latest/osu035/gost89_mac_combined_m1.gml,3450,6251,2586,864,874,0.2533333333333333,0.3379737045630317,11,0.0005253360562397,18,gost28147-89_latest,gost89_mac,osu035,3450.0,0.34,0.7
graphs_final/crypto_graphs_final/gost28147-89_latest/osu035/gost89_pipelined_ecb_decrypt_combined_m1.gml,45601,100960,43749,1852,14106,0.3093353215938247,0.3224302269766166,279,4.855233630225869e-05,20,gost28147-89_latest,gost89_pipelined_ecb_decrypt,osu035,45601.0,0.32,0.89
graphs_final/crypto_graphs_final/gost28147-89_latest/osu035/gost89_pipelined_ecb_encrypt_combined_m1.gml,45601,100960,43749,1852,14106,0.3093353215938247,0.3224302269766166,279,4.855233630225869e-05,21,gost28147-89_latest,gost89_pipelined_ecb_encrypt,osu035,45601.0,0.32,0.89
graphs_final/crypto_graphs_final/hight_latest/gscl45nm/CRYPTO_PATH_combined_m1.gml,1506,2978,1276,230,466,0.3094289508632138,0.3652037617554859,5,0.0013139027500187,24,hight_latest,CRYPTO_PATH,gscl45nm,1506.0,0.37,0.55
graphs_final/crypto_graphs_final/hight_latest/gscl45nm/HIGHT_CORE_TOP_combined_m1.gml,3431,6907,3071,360,696,0.2028563101136694,0.2266362748290459,9,0.0005869142010803,19,hight_latest,HIGHT_CORE_TOP,gscl45nm,3431.0,0.23,0.4
graphs_final/crypto_graphs_final/hight_latest/gscl45nm/KEY_SCHED_combined_m1.gml,1701,3351,1533,168,151,0.0887713109935332,0.0984996738421395,4,0.0011588339039319,13,hight_latest,KEY_SCHED,gscl45nm,1701.0,0.1,0.38
graphs_final/crypto_graphs_final/hight_latest/nangate/CRYPTO_PATH_combined_m1.gml,1237,2734,1071,166,321,0.2594987873888439,0.299719887955182,5,0.0017881763217723,16,hight_latest,CRYPTO_PATH,nangate,1237.0,0.3,0.5
graphs_final/crypto_graphs_final/hight_latest/nangate/HIGHT_CORE_TOP_combined_m1.gml,2458,5930,2036,422,568,0.2310821806346623,0.2789783889980353,9,0.0009819009005339,13,hight_latest,HIGHT_CORE_TOP,nangate,2458.0,0.28,0.56
graphs_final/crypto_graphs_final/hight_latest/nangate/KEY_SCHED_combined_m1.gml,1121,2729,953,168,220,0.1962533452274754,0.2308499475341028,4,0.0021736013763221,11,hight_latest,KEY_SCHED,nangate,1121.0,0.23,0.84
graphs_final/crypto_graphs_final/hight_latest/osu035/CRYPTO_PATH_combined_m1.gml,1750,3828,1520,230,410,0.2342857142857143,0.2697368421052631,5,0.0012506738544474,16,hight_latest,CRYPTO_PATH,osu035,1750.0,0.27,0.58
graphs_final/crypto_graphs_final/hight_latest/osu035/HIGHT_CORE_TOP_combined_m1.gml,3381,7761,2972,409,733,0.2167997633836143,0.2466352624495289,8,0.0006791345300662,15,hight_latest,HIGHT_CORE_TOP,osu035,3381.0,0.25,0.57
graphs_final/crypto_graphs_final/hight_latest/osu035/KEY_SCHED_combined_m1.gml,1491,3421,1323,168,168,0.1126760563380281,0.1269841269841269,4,0.0015398880981639,12,hight_latest,KEY_SCHED,osu035,1491.0,0.13,0.47
graphs_final/crypto_graphs_final/rsencoder_latest/gscl45nm/rs_encode_combined_m1.gml,3718,7330,3328,390,2072,0.5572888649811727,0.6225961538461539,19,0.0005303981835924,17,rsencoder_latest,rs_encode,gscl45nm,3718.0,0.62,0.83
graphs_final/crypto_graphs_final/rsencoder_latest/nangate/rs_encode_combined_m1.gml,3701,7218,3313,388,2074,0.5603890840313429,0.6260187141563538,19,0.0005271037046232,18,rsencoder_latest,rs_encode,nangate,3701.0,0.63,0.79
graphs_final/crypto_graphs_final/rsencoder_latest/osu035/rs_encode_combined_m1.gml,8374,18818,8068,306,3228,0.3854788631478385,0.4000991571641051,35,0.0002683857273103,17,rsencoder_latest,rs_encode,osu035,8374.0,0.4,0.65
graphs_final/crypto_graphs_final/sha3_latest/gscl45nm/f_permutation_combined_m1.gml,21520,40270,19344,2176,3665,0.1703066914498141,0.1894644334160463,4,8.695954867238444e-05,65,sha3_latest,f_permutation,gscl45nm,21520.0,0.19,0.22
graphs_final/crypto_graphs_final/sha3_latest/gscl45nm/keccak_combined_m1.gml,22529,44484,21396,1133,4582,0.2033823072484353,0.214152177977192,8,8.764744884371255e-05,67,sha3_latest,keccak,gscl45nm,22529.0,0.21,0.5
graphs_final/crypto_graphs_final/sha3_latest/nangate/f_permutation_combined_m1.gml,18038,37111,15862,2176,3153,0.1747976494068078,0.1987769512041356,4,0.0001140643603058,74,sha3_latest,f_permutation,nangate,18038.0,0.2,0.7
graphs_final/crypto_graphs_final/sha3_latest/nangate/keccak_combined_m1.gml,18798,41647,17378,1420,4559,0.2425258006170869,0.2623431925422949,7,0.0001178646405868,62,sha3_latest,keccak,nangate,18798.0,0.26,0.38
graphs_final/crypto_graphs_final/sha3_latest/osu035/f_permutation_combined_m1.gml,35746,84785,33570,2176,5113,0.1430369831589548,0.1523086088769734,4,6.635540008635711e-05,75,sha3_latest,f_permutation,osu035,35746.0,0.15,0.31
graphs_final/crypto_graphs_final/sha3_latest/osu035/keccak_combined_m1.gml,37230,90818,35518,1712,7181,0.1928820843405855,0.2021791767554479,8,6.552356621529084e-05,63,sha3_latest,keccak,osu035,37230.0,0.2,0.65
graphs_final/crypto_graphs_final/trigonometric_functions_in_double_fpu_latest/gscl45nm/top_combined_m1.gml,12294,25613,12065,229,1020,0.0829673011224987,0.0845420638209697,10,0.0001694764503033,12,trigonometric_functions_in_double_fpu_latest,top,gscl45nm,12294.0,0.08,0.44
graphs_final/crypto_graphs_final/trigonometric_functions_in_double_fpu_latest/nangate/top_combined_m1.gml,7962,23212,7723,239,891,0.1119065561416729,0.1153696749967629,10,0.0003662037310057,11,trigonometric_functions_in_double_fpu_latest,top,nangate,7962.0,0.12,0.49
graphs_final/crypto_graphs_final/trigonometric_functions_in_double_fpu_latest/osu035/top_combined_m1.gml,11196,25677,10963,233,1063,0.0949446230796713,0.0969625102617896,10,0.0002048600589663,12,trigonometric_functions_in_double_fpu_latest,top,osu035,11196.0,0.1,0.23
graphs_final/other_graphs_final/8051_latest/gscl45nm/oc8051_sfr_combined_m1.gml,4417,9415,4215,202,475,0.1075390536563278,0.1126927639383155,13,0.0004826850639656,16,8051_latest,oc8051_sfr,gscl45nm,4417.0,0.11,0.73
graphs_final/other_graphs_final/8051_latest/nangate/oc8051_sfr_combined_m1.gml,3197,8292,3000,197,386,0.1207381920550516,0.1286666666666666,13,0.0008115399175462,12,8051_latest,oc8051_sfr,nangate,3197.0,0.13,0.69
graphs_final/other_graphs_final/8051_latest/osu035/oc8051_sfr_combined_m1.gml,3838,9339,3637,201,449,0.1169880145909327,0.1234533956557602,13,0.0006341669515291,18,8051_latest,oc8051_sfr,osu035,3838.0,0.12,0.78
graphs_final/other_graphs_final/8bit_vedic_multiplier_latest/osu035/full_adder_combined_m1.gml,12,16,7,5,6,0.5,0.8571428571428571,3,0.1212121212121212,3,8bit_vedic_multiplier_latest,full_adder,osu035,12.0,0.86,0.95
graphs_final/other_graphs_final/Aquarius_latest/osu035/cpu_combined_m1.gml,21229,52783,21104,125,922,0.0434311554948419,0.04368840030326,7,0.0001171265778225,21,Aquarius_latest,cpu,osu035,21229.0,0.04,0.25
graphs_final/other_graphs_final/Aquarius_latest/osu035/datapath_combined_m1.gml,10082,24246,9718,364,1075,0.1066256695100178,0.1106194690265486,3,0.0002385556972651,25,Aquarius_latest,datapath,osu035,10082.0,0.11,0.44
graphs_final/other_graphs_final/aemb_latest/osu035/aeMB2_gprf_combined_m1.gml,34837,80899,34490,347,1426,0.0409334902546143,0.0413453174833285,6,6.666135280948675e-05,51,aemb_latest,aeMB2_gprf,osu035,34837.0,0.04,0.61
graphs_final/other_graphs_final/aes-master/gscl45nm/aes_core_combined_m1.gml,29070,63369,28547,523,1065,0.0366357069143446,0.0373068973972746,8,7.49897196666797e-05,22,aes-master,aes_core,gscl45nm,29070.0,0.04,0.44
graphs_final/other_graphs_final/aes-master/gscl45nm/aes_decipher_block_combined_m1.gml,7052,14413,6663,389,923,0.1308848553601815,0.1385261894041723,3,0.0002898620559889,9,aes-master,aes_decipher_block,gscl45nm,7052.0,0.14,0.53
graphs_final/other_graphs_final/aes-master/osu035/aes_core_combined_m1.gml,27172,72102,26650,522,1254,0.046150448991609,0.0470544090056285,8,9.766075629328368e-05,24,aes-master,aes_core,osu035,27172.0,0.05,0.31
graphs_final/other_graphs_final/aes-master/osu035/aes_decipher_block_combined_m1.gml,8353,20241,7905,448,965,0.1155273554411588,0.1220746363061353,3,0.0002901342486903,14,aes-master,aes_decipher_block,osu035,8353.0,0.12,0.6
graphs_final/other_graphs_final/apbtoaes128_latest/gscl45nm/aes_core_combined_m1.gml,8638,19639,8479,159,1123,0.1300069460523269,0.1324448637811062,10,0.0002632347683387,29,apbtoaes128_latest,aes_core,gscl45nm,8638.0,0.13,0.23
graphs_final/other_graphs_final/apbtoaes128_latest/nangate/aes_core_combined_m1.gml,6643,17081,6485,158,1145,0.1723618846906518,0.1765612952968388,10,0.0003871240645937,19,apbtoaes128_latest,aes_core,nangate,6643.0,0.18,0.28
graphs_final/other_graphs_final/apbtoaes128_latest/osu035/aes_core_combined_m1.gml,9874,24856,9715,159,1221,0.1236580919586793,0.125681935151827,10,0.0002549699391713,17,apbtoaes128_latest,aes_core,osu035,9874.0,0.13,0.29
graphs_final/other_graphs_final/blue_latest/gscl45nm/uart_combined_m1.gml,354,818,328,26,7,0.019774011299435,0.0213414634146341,4,0.0065459899809542,8,blue_latest,uart,gscl45nm,354.0,0.02,0.48
graphs_final/other_graphs_final/blue_latest/nangate/uart_combined_m1.gml,293,724,268,25,7,0.0238907849829351,0.0261194029850746,4,0.0084622937023703,8,blue_latest,uart,nangate,293.0,0.03,0.7
graphs_final/other_graphs_final/blue_latest/osu035/uart_combined_m1.gml,345,826,319,26,7,0.0202898550724637,0.0219435736677116,4,0.0069598921469497,8,blue_latest,uart,osu035,345.0,0.02,0.52
graphs_final/other_graphs_final/cavlc_latest/gscl45nm/cavlc_top_combined_m1.gml,5086,11905,4898,188,479,0.0941801022414471,0.0977950183748468,8,0.0004603223764621,18,cavlc_latest,cavlc_top,gscl45nm,5086.0,0.1,0.41
graphs_final/other_graphs_final/cavlc_latest/nangate/cavlc_top_combined_m1.gml,4537,11816,4350,187,372,0.0819925060612739,0.0855172413793103,8,0.0005741543468382,21,cavlc_latest,cavlc_top,nangate,4537.0,0.09,0.37
graphs_final/other_graphs_final/cavlc_latest/osu035/cavlc_top_combined_m1.gml,5139,13039,4951,188,457,0.0889278069663358,0.0923045849323369,8,0.0004938232890532,19,cavlc_latest,cavlc_top,osu035,5139.0,0.09,0.35
graphs_final/other_graphs_final/chacha-master/osu035/chacha_combined_m1.gml,21670,87876,21564,106,938,0.0432856483617904,0.0434984232980894,7,0.0001871425312196,15,chacha-master,chacha,osu035,21670.0,0.04,0.06
graphs_final/other_graphs_final/chacha-master/osu035/chacha_core_combined_m1.gml,18276,39115,16764,1512,2212,0.1210330488071788,0.1319494154139823,7,0.0001171129173317,36,chacha-master,chacha_core,osu035,18276.0,0.13,0.4
graphs_final/other_graphs_final/cmac-master/gscl45nm/cmac_combined_m1.gml,33813,75104,33624,189,1633,0.048295034454204,0.0485665001189626,9,6.569139781606681e-05,28,cmac-master,cmac,gscl45nm,33813.0,0.05,0.21
graphs_final/other_graphs_final/cmac-master/osu035/cmac_combined_m1.gml,31796,84959,31683,113,2368,0.0744747767014718,0.0747403970583593,9,8.403845785952914e-05,21,cmac-master,cmac,osu035,31796.0,0.07,0.24
graphs_final/other_graphs_final/cpu8080_latest/gscl45nm/M8080_combined_m1.gml,5150,11527,5107,43,383,0.0743689320388349,0.074995104758175,3,0.0004346965288763,17,cpu8080_latest,M8080,gscl45nm,5150.0,0.07,0.27
graphs_final/other_graphs_final/cpu8080_latest/gscl45nm/SM8080_combined_m1.gml,5112,11559,5080,32,344,0.0672926447574334,0.0677165354330708,3,0.0004424085765489,15,cpu8080_latest,SM8080,gscl45nm,5112.0,0.07,0.29
graphs_final/other_graphs_final/cpu8080_latest/gscl45nm/cpu8080_combined_m1.gml,5610,12563,5570,40,430,0.0766488413547237,0.0771992818671454,3,0.0003992501229085,14,cpu8080_latest,cpu8080,gscl45nm,5610.0,0.08,0.31
graphs_final/other_graphs_final/cpu8080_latest/osu035/M8080_combined_m1.gml,4588,11400,4549,39,340,0.074106364428945,0.0747417014728511,3,0.0005416923495363,15,cpu8080_latest,M8080,osu035,4588.0,0.07,0.31
graphs_final/other_graphs_final/cpu8080_latest/osu035/SM8080_combined_m1.gml,4608,11532,4576,32,358,0.0776909722222222,0.0782342657342657,3,0.0005432177483539,16,cpu8080_latest,SM8080,osu035,4608.0,0.08,0.26
graphs_final/other_graphs_final/cpu8080_latest/osu035/cpu8080_combined_m1.gml,4990,12421,4957,33,417,0.083567134268537,0.0841234617712326,3,0.0004989333246569,14,cpu8080_latest,cpu8080,osu035,4990.0,0.08,0.29
graphs_final/other_graphs_final/csa_latest/gscl45nm/block_decypher_combined_m1.gml,57584,117832,57008,576,3616,0.0627952208946929,0.0634296940780241,98,3.5535884736673786e-05,57,csa_latest,block_decypher,gscl45nm,57584.0,0.06,0.83
graphs_final/other_graphs_final/csa_latest/gscl45nm/decrypt_combined_m1.gml,82947,169258,82860,87,9242,0.1114205456496316,0.1115375331885107,354,2.4601017742845323e-05,63,csa_latest,decrypt,gscl45nm,82947.0,0.11,0.62
graphs_final/other_graphs_final/csa_latest/osu035/block_decypher_combined_m1.gml,47224,120800,46648,576,4360,0.0923259359647636,0.0934659578116961,98,5.416897158331266e-05,69,csa_latest,block_decypher,osu035,47224.0,0.09,0.48
graphs_final/other_graphs_final/csa_latest/osu035/decrypt_combined_m1.gml,71105,176231,70506,599,12819,0.1802826805428591,0.1818143136754318,354,3.4856849548255576e-05,68,csa_latest,decrypt,osu035,71105.0,0.18,0.46
graphs_final/other_graphs_final/csa_latest/osu035/group_decrypt_combined_m1.gml,62903,156648,62263,640,12444,0.1978284024609319,0.1998618762346819,369,3.959032269304018e-05,68,csa_latest,group_decrypt,osu035,62903.0,0.2,0.6
graphs_final/other_graphs_final/csa_latest/osu035/key_cnt_combined_m1.gml,7344,15570,5357,1987,1291,0.1757897603485838,0.2409930931491506,3,0.0002887236877591,84,csa_latest,key_cnt,osu035,7344.0,0.24,0.19
graphs_final/other_graphs_final/csa_latest/osu035/stream_8bytes_combined_m1.gml,14327,32651,13984,343,5880,0.410413903817966,0.4204805491990847,266,0.0001590802552701,32,csa_latest,stream_8bytes,osu035,14327.0,0.42,0.79
graphs_final/other_graphs_final/csa_latest/osu035/stream_cypher_combined_m1.gml,14887,34021,14695,192,5348,0.359239605024518,0.3639333106498809,233,0.0001535189077796,34,csa_latest,stream_cypher,osu035,14887.0,0.36,0.68
graphs_final/other_graphs_final/cxd9731_latest/gscl45nm/CRC_CAL_combined_m1.gml,166,275,133,33,19,0.1144578313253012,0.1428571428571428,4,0.0100401606425702,16,cxd9731_latest,CRC_CAL,gscl45nm,166.0,0.14,0.1
graphs_final/other_graphs_final/cxd9731_latest/nangate/CRC_CAL_combined_m1.gml,148,257,107,41,11,0.0743243243243243,0.102803738317757,4,0.0118128332414046,15,cxd9731_latest,CRC_CAL,nangate,148.0,0.1,0.25
graphs_final/other_graphs_final/cxd9731_latest/osu035/CRC_CAL_combined_m1.gml,295,617,254,41,16,0.0542372881355932,0.0629921259842519,4,0.0071140320534993,10,cxd9731_latest,CRC_CAL,osu035,295.0,0.06,0.29
graphs_final/other_graphs_final/double_fpu_latest/gscl45nm/fpu_combined_m1.gml,51689,114115,51490,199,568,0.0109887983903731,0.0110312682074189,8,4.27124886479439e-05,32,double_fpu_latest,fpu,gscl45nm,51689.0,0.01,0.04
graphs_final/other_graphs_final/double_fpu_latest/nangate/fpu_combined_m1.gml,46966,111981,46766,200,870,0.0185240386662692,0.0186032587777445,8,5.076757756479191e-05,27,double_fpu_latest,fpu,nangate,46966.0,0.02,0.23
graphs_final/other_graphs_final/double_fpu_latest/osu035/fpu_combined_m1.gml,64232,152747,64031,201,729,0.0113494831236766,0.0113851103371804,8,3.7023422312206094e-05,32,double_fpu_latest,fpu,osu035,64232.0,0.01,0.06
graphs_final/other_graphs_final/dpll-isdn_latest/gscl45nm/dpll_combined_m1.gml,292,596,284,8,16,0.0547945205479452,0.056338028169014,6,0.0070140752247799,7,dpll-isdn_latest,dpll,gscl45nm,292.0,0.06,0.69
graphs_final/other_graphs_final/dpll-isdn_latest/nangate/dpll_combined_m1.gml,270,654,263,7,15,0.0555555555555555,0.0570342205323193,5,0.0090045435770342,7,dpll-isdn_latest,dpll,nangate,270.0,0.06,0.49
graphs_final/other_graphs_final/dpll-isdn_latest/osu035/dpll_combined_m1.gml,290,617,282,8,16,0.0551724137931034,0.0567375886524822,6,0.0073618899892614,7,dpll-isdn_latest,dpll,osu035,290.0,0.06,0.56
graphs_final/other_graphs_final/edge_latest/gscl45nm/Edge_core_combined_m1.gml,37643,79284,37440,203,6701,0.1780145046887867,0.1789797008547008,110,5.595367742375809e-05,23,edge_latest,Edge_core,gscl45nm,37643.0,0.18,0.35
graphs_final/other_graphs_final/edge_latest/gscl45nm/ex_mem_pipereg_combined_m1.gml,2374,3688,1720,654,400,0.16849199663016,0.2325581395348837,30,0.0006546549553013,15,edge_latest,ex_mem_pipereg,gscl45nm,2374.0,0.23,0.97
graphs_final/other_graphs_final/edge_latest/gscl45nm/id_ex_pipereg_combined_m1.gml,2109,3266,1544,565,384,0.182076813655761,0.2487046632124352,40,0.0007346305658499,20,edge_latest,id_ex_pipereg,gscl45nm,2109.0,0.25,1.0
graphs_final/other_graphs_final/edge_latest/gscl45nm/shift_unit_combined_m1.gml,1240,2564,1168,72,179,0.1443548387096774,0.1532534246575342,5,0.001668879689656,15,edge_latest,shift_unit,gscl45nm,1240.0,0.15,0.72
graphs_final/other_graphs_final/edge_latest/nangate/Edge_core_combined_m1.gml,31856,79870,31587,269,5593,0.1755713209442491,0.1770665147054168,104,7.870726698963417e-05,22,edge_latest,Edge_core,nangate,31856.0,0.18,0.25
graphs_final/other_graphs_final/edge_latest/nangate/ex_mem_pipereg_combined_m1.gml,1986,3300,1332,654,342,0.1722054380664652,0.2567567567567567,30,0.0008370939143272,241,edge_latest,ex_mem_pipereg,nangate,1986.0,0.26,1.0
graphs_final/other_graphs_final/edge_latest/nangate/id_ex_pipereg_combined_m1.gml,1743,2900,1178,565,308,0.1767068273092369,0.2614601018675722,40,0.0009551079502527,273,edge_latest,id_ex_pipereg,nangate,1743.0,0.26,1.0
graphs_final/other_graphs_final/edge_latest/nangate/shift_unit_combined_m1.gml,770,1998,664,106,140,0.1818181818181818,0.2108433734939759,5,0.003374259030956,9,edge_latest,shift_unit,nangate,770.0,0.21,0.45
graphs_final/other_graphs_final/edge_latest/osu035/Edge_core_combined_m1.gml,46956,117095,46739,217,6884,0.1466053326518442,0.1472859924260253,108,5.310866835879651e-05,24,edge_latest,Edge_core,osu035,46956.0,0.15,0.46
graphs_final/other_graphs_final/edge_latest/osu035/ex_mem_pipereg_combined_m1.gml,2015,3329,1361,654,371,0.1841191066997518,0.2725936811168258,30,0.0008203124037445,55,edge_latest,ex_mem_pipereg,osu035,2015.0,0.27,0.46
graphs_final/other_graphs_final/edge_latest/osu035/id_ex_pipereg_combined_m1.gml,1781,2938,1216,565,346,0.1942728804042672,0.2845394736842105,40,0.0009267612564586,89,edge_latest,id_ex_pipereg,osu035,1781.0,0.28,0.37
graphs_final/other_graphs_final/edge_latest/osu035/shift_unit_combined_m1.gml,1282,3133,1178,104,235,0.1833073322932917,0.199490662139219,5,0.0019077578091414,11,edge_latest,shift_unit,osu035,1282.0,0.2,0.93
graphs_final/other_graphs_final/fixed_point_arithmetic_parameterized_latest/gscl45nm/qmult_combined_m1.gml,6995,14168,6899,96,276,0.0394567548248749,0.0400057979417306,5,0.0002895977620355,23,fixed_point_arithmetic_parameterized_latest,qmult,gscl45nm,6995.0,0.04,0.59
graphs_final/other_graphs_final/fixed_point_arithmetic_parameterized_latest/gscl45nm/top_combined_m1.gml,1101,2136,1003,98,4,0.0036330608537693,0.003988035892323,3,0.0017636859053752,12,fixed_point_arithmetic_parameterized_latest,top,gscl45nm,1101.0,0.0,1.0
graphs_final/other_graphs_final/fixed_point_arithmetic_parameterized_latest/nangate/qmult_combined_m1.gml,6850,15994,6753,97,338,0.0493430656934306,0.0500518288168221,5,0.0003409096964445,23,fixed_point_arithmetic_parameterized_latest,qmult,nangate,6850.0,0.05,0.37
graphs_final/other_graphs_final/fixed_point_arithmetic_parameterized_latest/nangate/top_combined_m1.gml,895,2020,797,98,2,0.0022346368715083,0.0025094102885821,3,0.0025245897541649,11,fixed_point_arithmetic_parameterized_latest,top,nangate,895.0,0.0,1.0
graphs_final/other_graphs_final/fixed_point_arithmetic_parameterized_latest/osu035/qmult_combined_m1.gml,13025,33739,12929,96,398,0.030556621880998,0.030783509938897,5,0.0001988886897716,25,fixed_point_arithmetic_parameterized_latest,qmult,osu035,13025.0,0.03,0.48
graphs_final/other_graphs_final/fixed_point_arithmetic_parameterized_latest/osu035/top_combined_m1.gml,1002,2102,904,98,9,0.0089820359281437,0.0099557522123893,3,0.002095708682535,16,fixed_point_arithmetic_parameterized_latest,top,osu035,1002.0,0.01,1.0
graphs_final/other_graphs_final/ft816float_latest/gscl45nm/cntlo16_combined_m1.gml,98,139,77,21,49,0.5,0.6363636363636364,4,0.0146223437828739,8,ft816float_latest,cntlo16,gscl45nm,98.0,0.64,0.8
graphs_final/other_graphs_final/ft816float_latest/gscl45nm/cntlo32_combined_m1.gml,202,297,164,38,94,0.4653465346534653,0.573170731707317,6,0.0073149105955371,9,ft816float_latest,cntlo32,gscl45nm,202.0,0.57,0.77
graphs_final/other_graphs_final/ft816float_latest/gscl45nm/cntlo48_combined_m1.gml,314,464,260,54,165,0.5254777070063694,0.6346153846153846,11,0.0047211086465476,7,ft816float_latest,cntlo48,gscl45nm,314.0,0.63,0.75
graphs_final/other_graphs_final/ft816float_latest/gscl45nm/cntlo64_combined_m1.gml,424,632,353,71,219,0.5165094339622641,0.6203966005665722,14,0.0035237967795173,9,ft816float_latest,cntlo64,gscl45nm,424.0,0.62,0.74
graphs_final/other_graphs_final/ft816float_latest/gscl45nm/cntlz16_combined_m1.gml,82,123,60,22,35,0.4268292682926829,0.5833333333333334,5,0.0185185185185185,7,ft816float_latest,cntlz16,gscl45nm,82.0,0.58,0.95
graphs_final/other_graphs_final/ft816float_latest/gscl45nm/cntlz24_combined_m1.gml,124,190,95,29,50,0.4032258064516129,0.5263157894736842,5,0.0124573826383425,7,ft816float_latest,cntlz24,gscl45nm,124.0,0.53,0.95
graphs_final/other_graphs_final/ft816float_latest/gscl45nm/cntlz32Reg_combined_m1.gml,197,314,159,38,68,0.3451776649746192,0.4276729559748428,7,0.0081321868849062,8,ft816float_latest,cntlz32Reg,gscl45nm,197.0,0.43,0.65
graphs_final/other_graphs_final/ft816float_latest/gscl45nm/cntlz32_combined_m1.gml,170,265,132,38,69,0.4058823529411764,0.5227272727272727,6,0.0092238078663418,7,ft816float_latest,cntlz32,gscl45nm,170.0,0.52,0.95
graphs_final/other_graphs_final/ft816float_latest/gscl45nm/cntlz48_combined_m1.gml,266,416,212,54,130,0.4887218045112781,0.6132075471698113,11,0.0059015463186267,8,ft816float_latest,cntlz48,gscl45nm,266.0,0.61,0.86
graphs_final/other_graphs_final/ft816float_latest/gscl45nm/cntlz64Reg_combined_m1.gml,391,625,320,71,157,0.40153452685422,0.490625,15,0.0040986294183225,10,ft816float_latest,cntlz64Reg,gscl45nm,391.0,0.49,0.69
graphs_final/other_graphs_final/ft816float_latest/gscl45nm/cntlz64_combined_m1.gml,360,568,289,71,180,0.5,0.6228373702422145,14,0.0043949241720829,10,ft816float_latest,cntlz64,gscl45nm,360.0,0.62,0.86
graphs_final/other_graphs_final/ft816float_latest/gscl45nm/fpAddsubnr_combined_m1.gml,17491,35706,17100,391,2208,0.1262363501229203,0.1291228070175438,37,0.0001167177081906,16,ft816float_latest,fpAddsubnr,gscl45nm,17491.0,0.13,0.25
graphs_final/other_graphs_final/ft816float_latest/gscl45nm/fpMulnr_combined_m1.gml,7206,14675,7100,106,968,0.1343325006938662,0.136338028169014,46,0.0002826505708963,22,ft816float_latest,fpMulnr,gscl45nm,7206.0,0.14,0.72
graphs_final/other_graphs_final/ft816float_latest/gscl45nm/fpRoundReg_combined_m1.gml,2002,3617,1740,262,245,0.1223776223776223,0.1408045977011494,3,0.0009028952057437,21,ft816float_latest,fpRoundReg,gscl45nm,2002.0,0.14,0.47
graphs_final/other_graphs_final/ft816float_latest/gscl45nm/fpSqrtnr_combined_m1.gml,5199,11129,5125,74,558,0.1073283323716099,0.1088780487804878,29,0.0004118129977492,23,ft816float_latest,fpSqrtnr,gscl45nm,5199.0,0.11,0.34
graphs_final/other_graphs_final/ft816float_latest/nangate/cntlo16_combined_m1.gml,75,115,54,21,43,0.5733333333333334,0.7962962962962963,4,0.0207207207207207,5,ft816float_latest,cntlo16,nangate,75.0,0.8,0.92
graphs_final/other_graphs_final/ft816float_latest/nangate/cntlo32_combined_m1.gml,157,256,119,38,82,0.5222929936305732,0.6890756302521008,6,0.0104523926179977,6,ft816float_latest,cntlo32,nangate,157.0,0.69,0.82
graphs_final/other_graphs_final/ft816float_latest/nangate/cntlo48_combined_m1.gml,228,367,174,54,150,0.6578947368421053,0.8620689655172413,11,0.0070909652987093,7,ft816float_latest,cntlo48,nangate,228.0,0.86,0.87
graphs_final/other_graphs_final/ft816float_latest/nangate/cntlo64_combined_m1.gml,315,519,244,71,199,0.6317460317460317,0.8155737704918032,14,0.0052471944191689,10,ft816float_latest,cntlo64,nangate,315.0,0.82,0.88
graphs_final/other_graphs_final/ft816float_latest/nangate/cntlz16_combined_m1.gml,59,99,34,25,24,0.4067796610169492,0.7058823529411765,5,0.0289304500292226,5,ft816float_latest,cntlz16,nangate,59.0,0.71,1.0
graphs_final/other_graphs_final/ft816float_latest/nangate/cntlz24_combined_m1.gml,87,150,57,30,42,0.4827586206896552,0.7368421052631579,6,0.0200481154771451,5,ft816float_latest,cntlz24,nangate,87.0,0.74,0.98
graphs_final/other_graphs_final/ft816float_latest/nangate/cntlz32Reg_combined_m1.gml,139,254,101,38,56,0.4028776978417266,0.5544554455445545,7,0.0132415806485246,6,ft816float_latest,cntlz32Reg,nangate,139.0,0.55,0.6
graphs_final/other_graphs_final/ft816float_latest/nangate/cntlz32_combined_m1.gml,125,224,87,38,60,0.48,0.6896551724137931,6,0.0144516129032258,5,ft816float_latest,cntlz32,nangate,125.0,0.69,0.96
graphs_final/other_graphs_final/ft816float_latest/nangate/cntlz48_combined_m1.gml,180,319,125,55,110,0.6111111111111112,0.88,12,0.0099006828057107,7,ft816float_latest,cntlz48,nangate,180.0,0.88,0.92
graphs_final/other_graphs_final/ft816float_latest/nangate/cntlz64Reg_combined_m1.gml,267,490,196,71,137,0.5131086142322098,0.6989795918367347,15,0.0068992706485314,11,ft816float_latest,cntlz64Reg,nangate,267.0,0.7,0.72
graphs_final/other_graphs_final/ft816float_latest/nangate/cntlz64_combined_m1.gml,251,455,180,71,155,0.6175298804780877,0.8611111111111112,14,0.0072509960159362,10,ft816float_latest,cntlz64,nangate,251.0,0.86,0.93
graphs_final/other_graphs_final/ft816float_latest/nangate/fpAddsubnr_combined_m1.gml,10811,28026,10420,391,1510,0.1396725557302747,0.1449136276391554,37,0.0002398112519617,18,ft816float_latest,fpAddsubnr,nangate,10811.0,0.14,0.35
graphs_final/other_graphs_final/ft816float_latest/nangate/fpMulnr_combined_m1.gml,5680,13348,5574,106,936,0.1647887323943662,0.1679224973089343,46,0.0004138052474027,21,ft816float_latest,fpMulnr,nangate,5680.0,0.17,0.8
graphs_final/other_graphs_final/ft816float_latest/osu035/cntlo16_combined_m1.gml,85,124,64,21,49,0.5764705882352941,0.765625,4,0.0173669467787114,6,ft816float_latest,cntlo16,osu035,85.0,0.77,0.86
graphs_final/other_graphs_final/ft816float_latest/osu035/cntlo32_combined_m1.gml,172,263,134,38,94,0.5465116279069767,0.7014925373134329,6,0.0089419284645722,9,ft816float_latest,cntlo32,osu035,172.0,0.7,0.81
graphs_final/other_graphs_final/ft816float_latest/osu035/cntlo48_combined_m1.gml,267,411,213,54,162,0.6067415730337079,0.7605633802816901,11,0.005786939258258,7,ft816float_latest,cntlo48,osu035,267.0,0.76,0.81
graphs_final/other_graphs_final/ft816float_latest/osu035/cntlo64_combined_m1.gml,364,564,293,71,215,0.5906593406593407,0.7337883959044369,14,0.0042684588139133,9,ft816float_latest,cntlo64,osu035,364.0,0.73,0.79
graphs_final/other_graphs_final/ft816float_latest/osu035/cntlz16_combined_m1.gml,69,108,47,22,33,0.4782608695652174,0.7021276595744681,5,0.0230179028132992,6,ft816float_latest,cntlz16,osu035,69.0,0.7,0.97
graphs_final/other_graphs_final/ft816float_latest/osu035/cntlz24_combined_m1.gml,100,163,71,29,44,0.44,0.6197183098591549,5,0.0164646464646464,7,ft816float_latest,cntlz24,osu035,100.0,0.62,0.95
graphs_final/other_graphs_final/ft816float_latest/osu035/cntlz32Reg_combined_m1.gml,166,279,128,38,64,0.3855421686746988,0.5,7,0.0101861993428258,7,ft816float_latest,cntlz32Reg,osu035,166.0,0.5,0.81
graphs_final/other_graphs_final/ft816float_latest/osu035/cntlz32_combined_m1.gml,140,231,102,38,64,0.4571428571428571,0.6274509803921569,6,0.0118705035971223,6,ft816float_latest,cntlz32,osu035,140.0,0.63,0.93
graphs_final/other_graphs_final/ft816float_latest/osu035/cntlz48_combined_m1.gml,219,363,165,54,124,0.5662100456621004,0.7515151515151515,11,0.0076033681035566,7,ft816float_latest,cntlz48,osu035,219.0,0.75,0.86
graphs_final/other_graphs_final/ft816float_latest/osu035/cntlz64Reg_combined_m1.gml,330,556,259,71,153,0.4636363636363636,0.5907335907335908,15,0.005121120014737,11,ft816float_latest,cntlz64Reg,osu035,330.0,0.59,0.8
graphs_final/other_graphs_final/ft816float_latest/osu035/cntlz64_combined_m1.gml,300,500,229,71,176,0.5866666666666667,0.7685589519650655,14,0.0055741360089186,10,ft816float_latest,cntlz64,osu035,300.0,0.77,0.87
graphs_final/other_graphs_final/ft816float_latest/osu035/fpAddsubnr_combined_m1.gml,18346,43494,17955,391,2882,0.1570914640793633,0.1605123920913394,37,0.0001292320533643,17,ft816float_latest,fpAddsubnr,osu035,18346.0,0.16,0.31
graphs_final/other_graphs_final/ft816float_latest/osu035/fpMulnr_combined_m1.gml,9739,23252,9633,106,1202,0.1234212958209261,0.1247794041316308,46,0.0002451749967644,21,ft816float_latest,fpMulnr,osu035,9739.0,0.12,0.52
graphs_final/other_graphs_final/ft816float_latest/osu035/fpRoundReg_combined_m1.gml,1816,3606,1554,262,250,0.1376651982378854,0.1608751608751608,3,0.0010940401208723,19,ft816float_latest,fpRoundReg,osu035,1816.0,0.16,0.56
graphs_final/other_graphs_final/ft816float_latest/osu035/fpSqrtnr_combined_m1.gml,5145,12142,5071,74,625,0.1214771622934888,0.1232498521001774,29,0.0004587793793367,21,ft816float_latest,fpSqrtnr,osu035,5145.0,0.12,0.27
graphs_final/other_graphs_final/mac_layer_switch_latest/gscl45nm/eth_registers_combined_m1.gml,3278,6702,2845,433,471,0.1436851738865161,0.1655536028119507,50,0.0006239058142399,32,mac_layer_switch_latest,eth_registers,gscl45nm,3278.0,0.17,0.59
graphs_final/other_graphs_final/mac_layer_switch_latest/gscl45nm/eth_txethmac_combined_m1.gml,1165,2427,1076,89,151,0.1296137339055794,0.1403345724907063,6,0.0017897438166452,12,mac_layer_switch_latest,eth_txethmac,gscl45nm,1165.0,0.14,0.67
graphs_final/other_graphs_final/mac_layer_switch_latest/nangate/eth_registers_combined_m1.gml,2591,5712,2147,444,726,0.2802006947124662,0.3381462505822077,50,0.0008511792379025,36,mac_layer_switch_latest,eth_registers,nangate,2591.0,0.34,0.88
graphs_final/other_graphs_final/mac_layer_switch_latest/osu035/eth_registers_combined_m1.gml,2649,6052,2210,439,406,0.1532653831634579,0.183710407239819,50,0.0008627778367028,32,mac_layer_switch_latest,eth_registers,osu035,2649.0,0.18,0.54
graphs_final/other_graphs_final/mac_layer_switch_latest/osu035/eth_txethmac_combined_m1.gml,1250,2780,1161,89,153,0.1224,0.1317829457364341,6,0.0017806244995996,12,mac_layer_switch_latest,eth_txethmac,osu035,1250.0,0.13,0.65
graphs_final/other_graphs_final/md5_core-master/gscl45nm/fifo_combined_m1.gml,10885,22657,10500,385,12,0.001102434542949,0.0011428571428571,3,0.0001912429517303,129,md5_core-master,fifo,gscl45nm,10885.0,0.0,0.47
graphs_final/other_graphs_final/md5_core-master/gscl45nm/md5_ctl_combined_m1.gml,8876,19048,8715,161,532,0.0599369085173501,0.0610441767068273,8,0.0002418041371255,31,md5_core-master,md5_ctl,gscl45nm,8876.0,0.06,0.17
graphs_final/other_graphs_final/md5_core-master/gscl45nm/md5_fsm_combined_m1.gml,5582,12093,5422,160,474,0.0849158007882479,0.0874216156399852,5,0.0003881791441774,28,md5_core-master,md5_fsm,gscl45nm,5582.0,0.09,0.19
graphs_final/other_graphs_final/md5_core-master/nangate/fifo_combined_m1.gml,7876,20077,7619,257,139,0.0176485525647536,0.0182438640241501,3,0.0003236998879456,111,md5_core-master,fifo,nangate,7876.0,0.02,0.05
graphs_final/other_graphs_final/md5_core-master/osu035/fifo_combined_m1.gml,12006,28903,11749,257,138,0.0114942528735632,0.0117456804834454,3,0.0002005314155361,19,md5_core-master,fifo,osu035,12006.0,0.01,0.06
graphs_final/other_graphs_final/md5_core-master/osu035/md5_ctl_combined_m1.gml,9675,22682,9465,210,586,0.0605684754521963,0.0619123085050184,8,0.0002423395456747,27,md5_core-master,md5_ctl,osu035,9675.0,0.06,0.13
graphs_final/other_graphs_final/md5_core-master/osu035/md5_fsm_combined_m1.gml,6168,14658,6008,160,576,0.0933852140077821,0.0958721704394141,5,0.0003853509232963,28,md5_core-master,md5_fsm,osu035,6168.0,0.1,0.24
graphs_final/other_graphs_final/mips32r1_latest/gscl45nm/ALU_combined_m1.gml,14417,30398,14311,106,1205,0.0835818824998265,0.084200964293201,3,0.0001462599223678,25,mips32r1_latest,ALU,gscl45nm,14417.0,0.08,0.87
graphs_final/other_graphs_final/mips32r1_latest/gscl45nm/FIFO_Clear_combined_m1.gml,9929,22101,9907,22,56,0.0056400443146339,0.0056525688906833,3,0.0002242046653723,55,mips32r1_latest,FIFO_Clear,gscl45nm,9929.0,0.01,0.42
graphs_final/other_graphs_final/mips32r1_latest/gscl45nm/FIFO_NoFull_Count_combined_m1.gml,9990,22194,9962,28,69,0.0069069069069069,0.006926320016061,3,0.0002224068096527,74,mips32r1_latest,FIFO_NoFull_Count,gscl45nm,9990.0,0.01,0.45
graphs_final/other_graphs_final/mips32r1_latest/gscl45nm/Processor_combined_m1.gml,31140,67369,30962,178,3951,0.126878612716763,0.1276080356566113,27,6.947632389734529e-05,23,mips32r1_latest,Processor,gscl45nm,31140.0,0.13,0.3
graphs_final/other_graphs_final/mips32r1_latest/gscl45nm/Switches_combined_m1.gml,594,1149,578,16,14,0.0235690235690235,0.0242214532871972,3,0.0032619619466162,9,mips32r1_latest,Switches,gscl45nm,594.0,0.02,0.72
graphs_final/other_graphs_final/mips32r1_latest/gscl45nm/uart_bootloader_combined_m1.gml,20963,46598,20884,79,214,0.0102084625292181,0.0102470791036199,9,0.0001060427852394,82,mips32r1_latest,uart_bootloader,gscl45nm,20963.0,0.01,0.42
graphs_final/other_graphs_final/mips32r1_latest/gscl45nm/uart_min_combined_m1.gml,20062,44720,20030,32,153,0.0076263582893031,0.0076385421867199,9,0.0001111155885326,69,mips32r1_latest,uart_min,gscl45nm,20062.0,0.01,0.52
graphs_final/other_graphs_final/mips32r1_latest/osu035/ALU_combined_m1.gml,21606,53490,21500,106,1400,0.0647968156993427,0.0651162790697674,3,0.0001145892707295,29,mips32r1_latest,ALU,osu035,21606.0,0.07,0.87
graphs_final/other_graphs_final/mips32r1_latest/osu035/FIFO_Clear_combined_m1.gml,10998,25664,10980,18,69,0.0062738679759956,0.0062841530054644,3,0.0002121956155841,53,mips32r1_latest,FIFO_Clear,osu035,10998.0,0.01,0.4
graphs_final/other_graphs_final/mips32r1_latest/osu035/FIFO_NoFull_Count_combined_m1.gml,10997,25674,10969,28,84,0.0076384468491406,0.0076579451180599,3,0.0002123169078851,47,mips32r1_latest,FIFO_NoFull_Count,osu035,10997.0,0.01,0.61
graphs_final/other_graphs_final/mips32r1_latest/osu035/Processor_combined_m1.gml,39785,99101,39575,210,2867,0.0720623350508985,0.0724447252053063,25,6.261094060244031e-05,26,mips32r1_latest,Processor,osu035,39785.0,0.07,0.25
graphs_final/other_graphs_final/mips32r1_latest/osu035/Switches_combined_m1.gml,524,1189,508,16,14,0.0267175572519083,0.0275590551181102,3,0.0043385926758425,9,mips32r1_latest,Switches,osu035,524.0,0.03,0.7
graphs_final/other_graphs_final/mips32r1_latest/osu035/uart_bootloader_combined_m1.gml,23251,54044,23111,140,293,0.0126016085329663,0.0126779455670459,9,9.997303850499204e-05,59,mips32r1_latest,uart_bootloader,osu035,23251.0,0.01,0.33
graphs_final/other_graphs_final/mips32r1_latest/osu035/uart_min_combined_m1.gml,22291,52053,22259,32,157,0.0070432012920012,0.0070533267442382,8,0.0001047625700744,86,mips32r1_latest,uart_min,osu035,22291.0,0.01,0.57
graphs_final/other_graphs_final/mips_16_latest/gscl45nm/mips_16_core_top_combined_m1.gml,19714,43084,19702,12,308,0.015623414832099,0.0156329306669373,11,0.0001108634892239,33,mips_16_latest,mips_16_core_top,gscl45nm,19714.0,0.02,0.51
graphs_final/other_graphs_final/mips_16_latest/nangate/mips_16_core_top_combined_m1.gml,13955,37521,13944,11,597,0.0427803654604084,0.0428141135972461,11,0.0001926840850422,32,mips_16_latest,mips_16_core_top,nangate,13955.0,0.04,0.4
graphs_final/other_graphs_final/mips_16_latest/osu035/mips_16_core_top_combined_m1.gml,17983,45132,17971,12,364,0.0202413390424289,0.0202548550442379,11,0.0001395675458216,63,mips_16_latest,mips_16_core_top,osu035,17983.0,0.02,0.6
graphs_final/other_graphs_final/mod3_calc_latest/gscl45nm/mod3_combined_m1.gml,86,134,76,10,28,0.3255813953488372,0.3684210526315789,8,0.0183310533515731,5,mod3_calc_latest,mod3,gscl45nm,86.0,0.37,0.7
graphs_final/other_graphs_final/mod3_calc_latest/nangate/mod3_combined_m1.gml,58,124,48,10,24,0.4137931034482758,0.5,8,0.0375075620084694,3,mod3_calc_latest,mod3,nangate,58.0,0.5,0.74
graphs_final/other_graphs_final/mod3_calc_latest/osu035/mod3_combined_m1.gml,80,140,70,10,32,0.4,0.4571428571428571,8,0.0221518987341772,6,mod3_calc_latest,mod3,osu035,80.0,0.46,0.91
graphs_final/other_graphs_final/nextz80_latest/gscl45nm/N8080_Reg_combined_m1.gml,1267,2359,1135,132,182,0.143646408839779,0.160352422907489,7,0.0014706780829689,17,nextz80_latest,N8080_Reg,gscl45nm,1267.0,0.16,0.73
graphs_final/other_graphs_final/nextz80_latest/gscl45nm/Next8080_combined_m1.gml,2306,4896,2272,34,421,0.1825672159583694,0.1852992957746478,11,0.0009211093196471,10,nextz80_latest,Next8080,gscl45nm,2306.0,0.19,0.41
graphs_final/other_graphs_final/nextz80_latest/gscl45nm/NextZ80_combined_m1.gml,4437,9755,4399,38,596,0.1343249943655623,0.135485337576722,11,0.0004956171289344,13,nextz80_latest,NextZ80,gscl45nm,4437.0,0.14,0.93
graphs_final/other_graphs_final/nextz80_latest/gscl45nm/Z80Reg_combined_m1.gml,2375,4922,2236,139,215,0.0905263157894736,0.0961538461538461,7,0.0008729659025406,22,nextz80_latest,Z80Reg,gscl45nm,2375.0,0.1,0.62
graphs_final/other_graphs_final/nextz80_latest/nangate/N8080_Reg_combined_m1.gml,787,1783,655,132,158,0.2007623888182973,0.2412213740458015,7,0.0028823987765567,18,nextz80_latest,N8080_Reg,nangate,787.0,0.24,0.73
graphs_final/other_graphs_final/nextz80_latest/osu035/N8080_Reg_combined_m1.gml,1145,2429,1013,132,182,0.1589519650655022,0.1796643632773938,7,0.0018543683390844,12,nextz80_latest,N8080_Reg,osu035,1145.0,0.18,0.79
graphs_final/other_graphs_final/nextz80_latest/osu035/Next8080_combined_m1.gml,2345,5508,2307,38,447,0.1906183368869936,0.1937581274382314,11,0.0010020594249619,10,nextz80_latest,Next8080,osu035,2345.0,0.19,0.48
graphs_final/other_graphs_final/nextz80_latest/osu035/NextZ80_combined_m1.gml,4363,10513,4323,40,609,0.1395828558331423,0.1408743927827897,11,0.0005524026968895,14,nextz80_latest,NextZ80,osu035,4363.0,0.14,0.35
graphs_final/other_graphs_final/nextz80_latest/osu035/Z80Reg_combined_m1.gml,2334,5414,2195,139,240,0.1028277634961439,0.1093394077448747,7,0.0009942661658239,16,nextz80_latest,Z80Reg,osu035,2334.0,0.11,0.68
graphs_final/other_graphs_final/openmsp430_latest/gscl45nm/altera_reset_controller_combined_m1.gml,41,43,36,5,22,0.5365853658536586,0.6111111111111112,5,0.0262195121951219,5,openmsp430_latest,altera_reset_controller,gscl45nm,41.0,0.61,0.67
graphs_final/other_graphs_final/openmsp430_latest/gscl45nm/ogfx_backend_combined_m1.gml,2432,5433,2272,160,79,0.0324835526315789,0.0347711267605633,4,0.0009189485050553,12,openmsp430_latest,ogfx_backend,gscl45nm,2432.0,0.03,0.83
graphs_final/other_graphs_final/openmsp430_latest/gscl45nm/ogfx_gpu_combined_m1.gml,4485,10283,4396,89,282,0.062876254180602,0.0641492265696087,6,0.0005113188276512,18,openmsp430_latest,ogfx_gpu,gscl45nm,4485.0,0.06,0.66
graphs_final/other_graphs_final/openmsp430_latest/gscl45nm/ogfx_gpu_dma_combined_m1.gml,2952,6419,2772,180,167,0.0565718157181571,0.0602453102453102,5,0.0007368546237139,19,openmsp430_latest,ogfx_gpu_dma,gscl45nm,2952.0,0.06,0.44
graphs_final/other_graphs_final/openmsp430_latest/gscl45nm/omsp_dbg_combined_m1.gml,1061,3357,943,118,115,0.1083883129123468,0.1219512195121951,4,0.0029849021037469,10,openmsp430_latest,omsp_dbg,gscl45nm,1061.0,0.12,0.17
graphs_final/other_graphs_final/openmsp430_latest/gscl45nm/omsp_dbg_i2c_combined_m1.gml,431,953,383,48,18,0.0417633410672853,0.0469973890339425,4,0.0051421788161657,10,openmsp430_latest,omsp_dbg_i2c,gscl45nm,431.0,0.05,0.79
graphs_final/other_graphs_final/openmsp430_latest/gscl45nm/omsp_de0_nano_soc_led_key_sw_combined_m1.gml,914,2105,851,63,73,0.0798687089715536,0.0857814336075205,9,0.0025225229543597,13,openmsp430_latest,omsp_de0_nano_soc_led_key_sw,gscl45nm,914.0,0.09,0.74
graphs_final/other_graphs_final/openmsp430_latest/gscl45nm/omsp_execution_unit_combined_m1.gml,3456,7777,3207,249,303,0.0876736111111111,0.0944808231992516,4,0.0006513138500294,26,openmsp430_latest,omsp_execution_unit,gscl45nm,3456.0,0.09,0.45
graphs_final/other_graphs_final/openmsp430_latest/gscl45nm/omsp_timerA_combined_m1.gml,1385,3291,1325,60,152,0.1097472924187725,0.1147169811320754,8,0.0017168882118486,20,openmsp430_latest,omsp_timerA,gscl45nm,1385.0,0.11,0.6
graphs_final/other_graphs_final/openmsp430_latest/gscl45nm/omsp_uart_combined_m1.gml,863,1916,813,50,54,0.0625724217844727,0.066420664206642,3,0.002575594228303,17,openmsp430_latest,omsp_uart,gscl45nm,863.0,0.07,0.89
graphs_final/other_graphs_final/openmsp430_latest/gscl45nm/openGFX430_combined_m1.gml,14300,33014,14120,180,1258,0.0879720279720279,0.0890934844192634,18,0.0001614568381475,20,openmsp430_latest,openGFX430,gscl45nm,14300.0,0.09,0.41
graphs_final/other_graphs_final/openmsp430_latest/nangate/altera_reset_controller_combined_m1.gml,30,32,26,4,24,0.8,0.9230769230769232,5,0.0367816091954023,6,openmsp430_latest,altera_reset_controller,nangate,30.0,0.92,0.99
graphs_final/other_graphs_final/openmsp430_latest/nangate/ogfx_backend_combined_m1.gml,1914,4749,1755,159,84,0.0438871473354232,0.0478632478632478,4,0.0012970157985209,11,openmsp430_latest,ogfx_backend,nangate,1914.0,0.05,0.9
graphs_final/other_graphs_final/openmsp430_latest/nangate/ogfx_gpu_combined_m1.gml,3591,9250,3503,88,291,0.0810359231411863,0.0830716528689694,6,0.0007175164776689,14,openmsp430_latest,ogfx_gpu,nangate,3591.0,0.08,0.51
graphs_final/other_graphs_final/openmsp430_latest/nangate/ogfx_gpu_dma_combined_m1.gml,2555,6104,2392,163,150,0.0587084148727984,0.0627090301003344,5,0.0009354115488999,13,openmsp430_latest,ogfx_gpu_dma,nangate,2555.0,0.06,0.73
graphs_final/other_graphs_final/openmsp430_latest/nangate/omsp_dbg_i2c_combined_m1.gml,347,811,300,47,18,0.0518731988472622,0.06,4,0.0067548433309456,8,openmsp430_latest,omsp_dbg_i2c,nangate,347.0,0.06,0.58
graphs_final/other_graphs_final/openmsp430_latest/osu035/altera_reset_controller_combined_m1.gml,41,43,36,5,22,0.5365853658536586,0.6111111111111112,5,0.0262195121951219,5,openmsp430_latest,altera_reset_controller,osu035,41.0,0.61,0.67
graphs_final/other_graphs_final/openmsp430_latest/osu035/ogfx_backend_combined_m1.gml,2843,6838,2683,160,95,0.0334154062609919,0.0354081252329481,4,0.0008463074484709,13,openmsp430_latest,ogfx_backend,osu035,2843.0,0.04,0.84
graphs_final/other_graphs_final/openmsp430_latest/osu035/ogfx_gpu_combined_m1.gml,5595,13626,5506,89,333,0.0595174262734584,0.0604794769342535,6,0.0004353573006697,15,openmsp430_latest,ogfx_gpu,osu035,5595.0,0.06,0.46
graphs_final/other_graphs_final/openmsp430_latest/osu035/ogfx_gpu_dma_combined_m1.gml,3839,8933,3675,164,263,0.0685074238082834,0.0715646258503401,5,0.0006062814093202,14,openmsp430_latest,ogfx_gpu_dma,osu035,3839.0,0.07,0.51
graphs_final/other_graphs_final/openmsp430_latest/osu035/omsp_dbg_combined_m1.gml,1154,3634,1030,124,147,0.1273830155979202,0.1427184466019417,4,0.0027311767508766,12,openmsp430_latest,omsp_dbg,osu035,1154.0,0.14,0.13
graphs_final/other_graphs_final/openmsp430_latest/osu035/omsp_dbg_i2c_combined_m1.gml,404,943,356,48,26,0.0643564356435643,0.0730337078651685,4,0.0057919563668525,8,openmsp430_latest,omsp_dbg_i2c,osu035,404.0,0.07,0.81
graphs_final/other_graphs_final/openmsp430_latest/osu035/omsp_de0_nano_soc_led_key_sw_combined_m1.gml,1039,2463,970,69,69,0.066410009624639,0.0711340206185567,9,0.0022837655148625,9,openmsp430_latest,omsp_de0_nano_soc_led_key_sw,osu035,1039.0,0.07,0.77
graphs_final/other_graphs_final/openmsp430_latest/osu035/omsp_execution_unit_combined_m1.gml,3397,8424,3121,276,345,0.1015602001766264,0.1105414931111823,4,0.0007302223641521,17,openmsp430_latest,omsp_execution_unit,osu035,3397.0,0.11,0.51
graphs_final/other_graphs_final/openmsp430_latest/osu035/omsp_timerA_combined_m1.gml,1601,3955,1538,63,130,0.0811992504684572,0.0845253576072821,8,0.0015439569019362,16,openmsp430_latest,omsp_timerA,osu035,1601.0,0.08,0.68
graphs_final/other_graphs_final/openmsp430_latest/osu035/omsp_uart_combined_m1.gml,779,1924,729,50,58,0.0744544287548138,0.0795610425240054,3,0.0031745926984367,14,openmsp430_latest,omsp_uart,osu035,779.0,0.08,0.93
graphs_final/other_graphs_final/openmsp430_latest/osu035/openGFX430_combined_m1.gml,16423,40642,16244,179,1368,0.0832978140412835,0.0842157104161536,18,0.0001506941977646,20,openmsp430_latest,openGFX430,osu035,16423.0,0.08,0.37
graphs_final/other_graphs_final/orsoc_graphics_accelerator/osu035/gfx_interp_combined_m1.gml,36959,85435,36811,148,622,0.0168294596715279,0.0168971231425389,7,6.254709600125679e-05,25,orsoc_graphics_accelerator,gfx_interp,osu035,36959.0,0.02,0.17
graphs_final/other_graphs_final/orsoc_graphics_accelerator/osu035/gfx_renderer_combined_m1.gml,4647,11285,4385,262,409,0.0880137723262319,0.0932725199543899,4,0.0005226966124349,17,orsoc_graphics_accelerator,gfx_renderer,osu035,4647.0,0.09,0.94
graphs_final/other_graphs_final/rs_5_3_gf256_latest/gscl45nm/RS_5_3_GF256_combined_m1.gml,1795,3822,1778,17,102,0.0568245125348189,0.0573678290213723,6,0.0011868717451859,15,rs_5_3_gf256_latest,RS_5_3_GF256,gscl45nm,1795.0,0.06,0.37
graphs_final/other_graphs_final/rs_5_3_gf256_latest/gscl45nm/SYN2ERR_combined_m1.gml,1299,2645,1280,19,60,0.046189376443418,0.046875,3,0.0015687069940015,19,rs_5_3_gf256_latest,SYN2ERR,gscl45nm,1299.0,0.05,0.76
graphs_final/other_graphs_final/rs_5_3_gf256_latest/nangate/RS_5_3_GF256_combined_m1.gml,1175,3233,1159,16,122,0.1038297872340425,0.1052631578947368,6,0.0023436877016202,9,rs_5_3_gf256_latest,RS_5_3_GF256,nangate,1175.0,0.11,0.69
graphs_final/other_graphs_final/rs_5_3_gf256_latest/nangate/SYN2ERR_combined_m1.gml,735,2062,716,19,58,0.0789115646258503,0.0810055865921787,3,0.0038221283063634,14,rs_5_3_gf256_latest,SYN2ERR,nangate,735.0,0.08,0.84
graphs_final/other_graphs_final/rs_5_3_gf256_latest/osu035/RS_5_3_GF256_combined_m1.gml,1556,3936,1539,17,139,0.089331619537275,0.0903183885640026,6,0.001626728605791,9,rs_5_3_gf256_latest,RS_5_3_GF256,osu035,1556.0,0.09,0.72
graphs_final/other_graphs_final/rs_5_3_gf256_latest/osu035/SYN2ERR_combined_m1.gml,1110,2736,1091,19,78,0.0702702702702702,0.071494042163153,3,0.002222601320888,13,rs_5_3_gf256_latest,SYN2ERR,osu035,1110.0,0.07,0.95
graphs_final/other_graphs_final/rs_decoder_31_19_6_latest/gscl45nm/CSEEblock_combined_m1.gml,694,1213,606,88,297,0.4279538904899135,0.4900990099009901,31,0.0025221336460529,15,rs_decoder_31_19_6_latest,CSEEblock,gscl45nm,694.0,0.49,0.85
graphs_final/other_graphs_final/rs_decoder_31_19_6_latest/gscl45nm/degree1_cell_combined_m1.gml,40,58,27,13,17,0.425,0.6296296296296297,4,0.0371794871794871,7,rs_decoder_31_19_6_latest,degree1_cell,gscl45nm,40.0,0.63,0.76
graphs_final/other_graphs_final/rs_decoder_31_19_6_latest/gscl45nm/degree2_cell_combined_m1.gml,41,60,28,13,18,0.4390243902439024,0.6428571428571429,4,0.0365853658536585,7,rs_decoder_31_19_6_latest,degree2_cell,gscl45nm,41.0,0.64,0.79
graphs_final/other_graphs_final/rs_decoder_31_19_6_latest/gscl45nm/degree3_cell_combined_m1.gml,42,62,29,13,19,0.4523809523809524,0.6551724137931034,4,0.0360046457607433,7,rs_decoder_31_19_6_latest,degree3_cell,gscl45nm,42.0,0.66,0.83
graphs_final/other_graphs_final/rs_decoder_31_19_6_latest/gscl45nm/degree4_cell_combined_m1.gml,44,66,30,14,20,0.4545454545454545,0.6666666666666666,4,0.0348837209302325,7,rs_decoder_31_19_6_latest,degree4_cell,gscl45nm,44.0,0.67,0.84
graphs_final/other_graphs_final/rs_decoder_31_19_6_latest/gscl45nm/degree5_cell_combined_m1.gml,46,70,31,15,21,0.4565217391304347,0.6774193548387096,4,0.0338164251207729,7,rs_decoder_31_19_6_latest,degree5_cell,gscl45nm,46.0,0.68,0.84
graphs_final/other_graphs_final/rs_decoder_31_19_6_latest/gscl45nm/degree6_cell_combined_m1.gml,46,70,31,15,21,0.4565217391304347,0.6774193548387096,4,0.0338164251207729,7,rs_decoder_31_19_6_latest,degree6_cell,gscl45nm,46.0,0.68,0.85
graphs_final/other_graphs_final/rs_decoder_31_19_6_latest/gscl45nm/fifo_register_combined_m1.gml,837,1616,821,16,201,0.2401433691756272,0.2448233861144945,24,0.0023094556201517,18,rs_decoder_31_19_6_latest,fifo_register,gscl45nm,837.0,0.24,0.91
graphs_final/other_graphs_final/rs_decoder_31_19_6_latest/osu035/CSEEblock_combined_m1.gml,1008,2042,918,90,292,0.2896825396825397,0.3180827886710239,31,0.0020117116691098,13,rs_decoder_31_19_6_latest,CSEEblock,osu035,1008.0,0.32,0.68
graphs_final/other_graphs_final/rs_decoder_31_19_6_latest/osu035/degree1_cell_combined_m1.gml,41,61,26,15,20,0.4878048780487805,0.7692307692307693,4,0.0371951219512195,6,rs_decoder_31_19_6_latest,degree1_cell,osu035,41.0,0.77,0.91
graphs_final/other_graphs_final/rs_decoder_31_19_6_latest/osu035/degree2_cell_combined_m1.gml,44,67,27,17,20,0.4545454545454545,0.7407407407407407,4,0.0354122621564482,6,rs_decoder_31_19_6_latest,degree2_cell,osu035,44.0,0.74,0.92
graphs_final/other_graphs_final/rs_decoder_31_19_6_latest/osu035/degree3_cell_combined_m1.gml,47,73,28,19,20,0.425531914893617,0.7142857142857143,4,0.0337650323774283,7,rs_decoder_31_19_6_latest,degree3_cell,osu035,47.0,0.71,0.92
graphs_final/other_graphs_final/rs_decoder_31_19_6_latest/osu035/degree4_cell_combined_m1.gml,49,78,36,13,27,0.5510204081632653,0.75,5,0.0331632653061224,6,rs_decoder_31_19_6_latest,degree4_cell,osu035,49.0,0.75,0.95
graphs_final/other_graphs_final/rs_decoder_31_19_6_latest/osu035/degree5_cell_combined_m1.gml,57,95,44,13,34,0.5964912280701754,0.7727272727272727,5,0.0297619047619047,5,rs_decoder_31_19_6_latest,degree5_cell,osu035,57.0,0.77,0.96
graphs_final/other_graphs_final/rs_decoder_31_19_6_latest/osu035/degree6_cell_combined_m1.gml,57,95,44,13,34,0.5964912280701754,0.7727272727272727,4,0.0297619047619047,6,rs_decoder_31_19_6_latest,degree6_cell,osu035,57.0,0.77,0.96
graphs_final/other_graphs_final/rs_decoder_31_19_6_latest/osu035/fifo_register_combined_m1.gml,651,1430,635,16,170,0.261136712749616,0.2677165354330709,24,0.003379416282642,28,rs_decoder_31_19_6_latest,fifo_register,osu035,651.0,0.27,0.45
graphs_final/other_graphs_final/rs_encoder_decoder_latest/gscl45nm/RS8Encoder8t_combined_m1.gml,1192,2456,1176,16,497,0.4169463087248322,0.4226190476190476,18,0.0017299770651249,30,rs_encoder_decoder_latest,RS8Encoder8t,gscl45nm,1192.0,0.42,0.58
graphs_final/other_graphs_final/rs_encoder_decoder_latest/osu035/RS8Encoder8t_combined_m1.gml,1635,3712,1619,16,744,0.455045871559633,0.4595429277331686,18,0.0013894347560815,26,rs_encoder_decoder_latest,RS8Encoder8t,osu035,1635.0,0.46,0.66
graphs_final/other_graphs_final/sdcard_mass_storage_controller_latest/gscl45nm/sd_cmd_phy_combined_m1.gml,1423,3344,1400,23,25,0.0175685172171468,0.0178571428571428,4,0.0016525772594694,11,sdcard_mass_storage_controller_latest,sd_cmd_phy,gscl45nm,1423.0,0.02,0.48
graphs_final/other_graphs_final/sdcard_mass_storage_controller_latest/gscl45nm/sd_cmd_serial_host_combined_m1.gml,2135,4840,2028,107,24,0.0112412177985948,0.0118343195266272,3,0.0010623143967744,13,sdcard_mass_storage_controller_latest,sd_cmd_serial_host,gscl45nm,2135.0,0.01,0.55
graphs_final/other_graphs_final/sdcard_mass_storage_controller_latest/osu035/sd_cmd_phy_combined_m1.gml,1310,3307,1285,25,20,0.015267175572519,0.0155642023346303,4,0.0019285160282017,12,sdcard_mass_storage_controller_latest,sd_cmd_phy,osu035,1310.0,0.02,0.56
graphs_final/other_graphs_final/sdcard_mass_storage_controller_latest/osu035/sd_cmd_serial_host_combined_m1.gml,1943,4808,1836,107,26,0.013381369016984,0.0141612200435729,3,0.0012742141771698,12,sdcard_mass_storage_controller_latest,sd_cmd_serial_host,osu035,1943.0,0.01,0.46
graphs_final/other_graphs_final/sha1-master/gscl45nm/sha1_combined_m1.gml,11883,27848,11704,179,858,0.072203988891694,0.0733082706766917,5,0.0001972324480012,33,sha1-master,sha1,gscl45nm,11883.0,0.07,0.15
graphs_final/other_graphs_final/sha1-master/gscl45nm/sha1_core_combined_m1.gml,8668,18986,7995,673,537,0.0619520073834794,0.0671669793621013,3,0.0002527235871638,48,sha1-master,sha1_core,gscl45nm,8668.0,0.07,0.21
graphs_final/other_graphs_final/sha1-master/nangate/sha1_combined_m1.gml,8491,23284,8419,72,195,0.0229654928748086,0.0231618957120798,4,0.0003229914747951,26,sha1-master,sha1,nangate,8491.0,0.02,0.35
graphs_final/other_graphs_final/sha1-master/nangate/sha1_core_combined_m1.gml,6913,16835,6241,672,42,0.0060755099088673,0.0067296907546867,3,0.0003523244919662,28,sha1-master,sha1_core,nangate,6913.0,0.01,0.11
graphs_final/other_graphs_final/sha1-master/osu035/sha1_combined_m1.gml,11234,28796,11147,87,949,0.0844756987715862,0.0851350139050865,5,0.0002281928258223,38,sha1-master,sha1,osu035,11234.0,0.09,0.16
graphs_final/other_graphs_final/sha1-master/osu035/sha1_core_combined_m1.gml,8655,20455,7982,673,547,0.0632004621606008,0.0685291906790278,3,0.0002730961142114,28,sha1-master,sha1_core,osu035,8655.0,0.07,0.95
graphs_final/other_graphs_final/sha256-master/gscl45nm/sha256_core_combined_m1.gml,11071,25232,10284,787,962,0.086893686207208,0.0935433683391676,4,0.0002058814433927,29,sha256-master,sha256_core,gscl45nm,11071.0,0.09,0.62
graphs_final/other_graphs_final/sha256-master/gscl45nm/sha256_stream_combined_m1.gml,11064,25276,10292,772,579,0.0523318872017353,0.0562572872133696,5,0.0002065015268825,32,sha256-master,sha256_stream,gscl45nm,11064.0,0.06,0.94
graphs_final/other_graphs_final/sha256-master/osu035/sha256_core_combined_m1.gml,13153,31370,12360,793,1002,0.07618033908614,0.0810679611650485,4,0.0001813417900461,31,sha256-master,sha256_core,osu035,13153.0,0.08,0.69
graphs_final/other_graphs_final/sha256-master/osu035/sha256_stream_combined_m1.gml,13200,31381,12426,774,582,0.044090909090909,0.0468372766779333,5,0.0001801158030796,34,sha256-master,sha256_stream,osu035,13200.0,0.05,0.83
graphs_final/other_graphs_final/signed_integer_divider_latest/gscl45nm/adder_32bit_combined_m1.gml,405,647,307,98,303,0.7481481481481481,0.986970684039088,57,0.0039542843173206,17,signed_integer_divider_latest,adder_32bit,gscl45nm,405.0,0.99,0.99
graphs_final/other_graphs_final/signed_integer_divider_latest/gscl45nm/divider_dshift_combined_m1.gml,4371,9783,4161,210,1340,0.3065660032029283,0.3220379716414323,123,0.0005121648979361,20,signed_integer_divider_latest,divider_dshift,gscl45nm,4371.0,0.32,0.52
graphs_final/other_graphs_final/signed_integer_divider_latest/gscl45nm/shift_15b_combined_m1.gml,470,810,391,79,241,0.5127659574468085,0.6163682864450127,5,0.0036746359388467,13,signed_integer_divider_latest,shift_15b,gscl45nm,470.0,0.62,0.72
graphs_final/other_graphs_final/signed_integer_divider_latest/gscl45nm/shift_3b_combined_m1.gml,258,412,191,67,130,0.5038759689922481,0.680628272251309,3,0.0062136156607245,10,signed_integer_divider_latest,shift_3b,gscl45nm,258.0,0.68,1.0
graphs_final/other_graphs_final/signed_integer_divider_latest/gscl45nm/shift_7b_combined_m1.gml,360,607,289,71,167,0.4638888888888889,0.5778546712802768,4,0.0046966883317858,15,signed_integer_divider_latest,shift_7b,gscl45nm,360.0,0.58,0.8
graphs_final/other_graphs_final/signed_integer_divider_latest/nangate/adder_32bit_combined_m1.gml,454,696,356,98,309,0.6806167400881057,0.8679775280898876,71,0.0033841934825101,17,signed_integer_divider_latest,adder_32bit,nangate,454.0,0.87,0.93
graphs_final/other_graphs_final/signed_integer_divider_latest/osu035/adder_32bit_combined_m1.gml,582,920,484,98,341,0.5859106529209622,0.7045454545454546,90,0.0027207504539512,19,signed_integer_divider_latest,adder_32bit,osu035,582.0,0.7,0.79
graphs_final/other_graphs_final/signed_integer_divider_latest/osu035/divider_dshift_combined_m1.gml,4212,9962,4035,177,1360,0.3228869895536562,0.3370508054522924,119,0.0005616592729709,18,signed_integer_divider_latest,divider_dshift,osu035,4212.0,0.34,0.51
graphs_final/other_graphs_final/signed_integer_divider_latest/osu035/shift_15b_combined_m1.gml,458,820,379,79,255,0.5567685589519651,0.6728232189973615,4,0.0039177090002197,15,signed_integer_divider_latest,shift_15b,osu035,458.0,0.67,0.88
graphs_final/other_graphs_final/signed_integer_divider_latest/osu035/shift_3b_combined_m1.gml,246,402,179,67,163,0.6626016260162602,0.9106145251396648,3,0.0066699850671976,11,signed_integer_divider_latest,shift_3b,osu035,246.0,0.91,0.99
graphs_final/other_graphs_final/signed_integer_divider_latest/osu035/shift_7b_combined_m1.gml,342,597,271,71,141,0.4122807017543859,0.5202952029520295,3,0.0051191027421927,14,signed_integer_divider_latest,shift_7b,osu035,342.0,0.52,0.81
graphs_final/other_graphs_final/simon_core_latest/gscl45nm/top_module_combined_m1.gml,997,2000,992,5,18,0.0180541624874623,0.0181451612903225,4,0.0020140743515687,26,simon_core_latest,top_module,gscl45nm,997.0,0.02,0.39
graphs_final/other_graphs_final/simon_core_latest/nangate/top_module_combined_m1.gml,720,1771,715,5,15,0.0208333333333333,0.0209790209790209,4,0.0034210322979446,11,simon_core_latest,top_module,nangate,720.0,0.02,0.5
graphs_final/other_graphs_final/simon_core_latest/osu035/top_module_combined_m1.gml,1157,2515,1152,5,17,0.0146931719965427,0.0147569444444444,4,0.0018803850789387,30,simon_core_latest,top_module,osu035,1157.0,0.01,0.41
graphs_final/other_graphs_final/ssp_uart_latest/gscl45nm/UART_INT_combined_m1.gml,80,161,62,18,16,0.2,0.2580645161290322,8,0.0254746835443037,9,ssp_uart_latest,UART_INT,gscl45nm,80.0,0.26,0.66
graphs_final/other_graphs_final/ssp_uart_latest/osu035/UART_INT_combined_m1.gml,80,161,60,20,18,0.225,0.3,8,0.0254746835443037,9,ssp_uart_latest,UART_INT,osu035,80.0,0.3,0.85
graphs_final/other_graphs_final/suslik_latest/osu035/brpred_combined_m1.gml,35904,83005,35608,296,349,0.0097203654188948,0.0098011682767917,4,6.439181691925605e-05,61,suslik_latest,brpred,osu035,35904.0,0.01,0.23
graphs_final/other_graphs_final/suslik_latest/osu035/regfileint0_combined_m1.gml,15996,37830,15846,150,228,0.0142535633908477,0.014388489208633,5,0.0001478565952835,45,suslik_latest,regfileint0,osu035,15996.0,0.01,0.87
graphs_final/other_graphs_final/uart2spi_latest/gscl45nm/uart_core_combined_m1.gml,599,1295,556,43,28,0.0467445742904841,0.0503597122302158,5,0.0036152785299914,11,uart2spi_latest,uart_core,gscl45nm,599.0,0.05,0.84
graphs_final/other_graphs_final/uart2spi_latest/nangate/uart_core_combined_m1.gml,471,1131,429,42,30,0.0636942675159235,0.0699300699300699,5,0.0051090933730857,7,uart2spi_latest,uart_core,nangate,471.0,0.07,0.95
graphs_final/other_graphs_final/uart2spi_latest/osu035/uart_core_combined_m1.gml,611,1450,568,43,34,0.055646481178396,0.0598591549295774,5,0.0038904241903893,11,uart2spi_latest,uart_core,osu035,611.0,0.06,0.97
graphs_final/other_graphs_final/usb_device_core_latest/gscl45nm/usbf_sie_tx_combined_m1.gml,299,648,274,25,49,0.1638795986622073,0.1788321167883211,3,0.0072725640277434,10,usb_device_core_latest,usbf_sie_tx,gscl45nm,299.0,0.18,0.53
graphs_final/other_graphs_final/usb_device_core_latest/osu035/usbf_sie_tx_combined_m1.gml,400,901,375,25,86,0.215,0.2293333333333333,3,0.0056453634085213,10,usb_device_core_latest,usbf_sie_tx,osu035,400.0,0.23,0.61
graphs_final/other_graphs_final/usbhostslave_latest/osu035/RxFifo_combined_m1.gml,3214,7208,3184,30,60,0.0186683260734287,0.0188442211055276,5,0.0006980044316696,34,usbhostslave_latest,RxFifo,osu035,3214.0,0.02,0.43
graphs_final/other_graphs_final/usbhostslave_latest/osu035/usbHostControl_combined_m1.gml,2465,5399,2373,92,191,0.0774847870182555,0.080488832701222,13,0.0008889057190274,12,usbhostslave_latest,usbHostControl,osu035,2465.0,0.08,0.53
graphs_final/other_graphs_final/usbhostslave_latest/osu035/usbHostCyc2Wrap_combined_m1.gml,12568,55794,12456,112,976,0.0776575429662635,0.0783558124598587,37,0.0003532561333759,8,usbhostslave_latest,usbHostCyc2Wrap,osu035,12568.0,0.08,0.18
graphs_final/other_graphs_final/usbhostslave_latest/osu035/usbHostCyc2Wrap_usb1t11_combined_m1.gml,12568,28634,12532,36,976,0.0776575429662635,0.0778806255984679,37,0.00018129433493,27,usbhostslave_latest,usbHostCyc2Wrap_usb1t11,osu035,12568.0,0.08,0.36
graphs_final/other_graphs_final/usbhostslave_latest/osu035/usbHostSlaveAvalonWrap_combined_m1.gml,40226,90412,40191,35,2100,0.0522050415154377,0.0522505038441442,82,5.587572539576502e-05,23,usbhostslave_latest,usbHostSlaveAvalonWrap,osu035,40226.0,0.05,0.39
graphs_final/other_graphs_final/usbhostslave_latest/osu035/usbHostSlaveCyc2Wrap_combined_m1.gml,40152,90143,40120,32,2105,0.0524257820282924,0.0524675972083748,82,5.591501664797775e-05,21,usbhostslave_latest,usbHostSlaveCyc2Wrap,osu035,40152.0,0.05,0.38
graphs_final/other_graphs_final/usbhostslave_latest/osu035/usbHostSlave_combined_m1.gml,40226,90409,40176,50,2878,0.0715457664197285,0.0716348068498606,79,5.587387135895367e-05,22,usbhostslave_latest,usbHostSlave,osu035,40226.0,0.07,0.36
graphs_final/other_graphs_final/usbhostslave_latest/osu035/usbHost_combined_m1.gml,12568,28627,12525,43,1259,0.1001750477402928,0.1005189620758483,35,0.0001812500148788,25,usbhostslave_latest,usbHost,osu035,12568.0,0.1,0.41
graphs_final/other_graphs_final/usbhostslave_latest/osu035/usbSerialInterfaceEngine_combined_m1.gml,3741,8580,3691,50,106,0.0283346698743651,0.0287185044703332,14,0.0006132364734185,20,usbhostslave_latest,usbSerialInterfaceEngine,osu035,3741.0,0.03,0.33
graphs_final/other_graphs_final/usbhostslave_latest/osu035/usbSlaveControl_combined_m1.gml,2537,5479,2404,133,185,0.0729207725660228,0.0769550748752079,11,0.0008515920216754,14,usbhostslave_latest,usbSlaveControl,osu035,2537.0,0.08,0.56
graphs_final/other_graphs_final/usbhostslave_latest/osu035/usbSlaveCyc2Wrap_usb1t11_combined_m1.gml,31548,71811,31509,39,1516,0.0480537593508304,0.0481132374877019,61,7.215411040055759e-05,18,usbhostslave_latest,usbSlaveCyc2Wrap_usb1t11,osu035,31548.0,0.05,0.38
graphs_final/other_graphs_final/verilog-axi-librecores/osu035/arbiter_combined_m1.gml,46,70,36,10,13,0.2826086956521739,0.3611111111111111,3,0.0338164251207729,8,verilog-axi-librecores,arbiter,osu035,46.0,0.36,0.96
graphs_final/other_graphs_final/verilog-axi-librecores/osu035/axil_register_combined_m1.gml,934,1408,628,306,10,0.0107066381156316,0.0159235668789808,4,0.0016157498892614,72,verilog-axi-librecores,axil_register,osu035,934.0,0.02,0.83
